incident_id,reason,responsible_dept,action_plan
INC-0001,Snagging,Dye Exhaust,
INC-0002,Reverside variation,Jacquard,
INC-0003,Dye Patch,Planning,
INC-0004,Shade Variation,Planning,
INC-0005,Sample Waste,Planning,
INC-0006,Bias,Planning,
INC-0007,Edge Damage,Planning,
INC-0008,Curling,Stretchline-2,
INC-0009,Off Shade,Planning,
INC-0010,Quality Issue,Planning,
INC-0011,1mtr weight issue,Stretchline-Mexico,
INC-0012,Print damage,Value Addition,
INC-0013,1mtr weight issue,Stretchline-Mexico,
INC-0014,1mtr weight issue,Stretchline-Mexico,
INC-0015,1mtr weight issue,Stretchline-Mexico,
INC-0016,1mtr weight issue,Stretchline-Mexico,
INC-0017,Dirt Marks,Greige Stores,
INC-0018,1mtr weight issue,Stretchline-Mexico,
INC-0019,Dye Patch,Dye Range,
INC-0020,Dirt Marks,Planning,
INC-0021,Print damage,Value Addition,
INC-0022,Loop,Jacquard,
INC-0023,Loop,Weaving,
INC-0024,Dye Patch,Dye Range,
INC-0025,Print damage,Planning,
INC-0026,Reverside variation,Jacquard,
INC-0027,Reverside variation,Jacquard,
INC-0028,Reverside variation,Planning,
INC-0029,Reverside variation,Jacquard,
INC-0030,1mtr weight issue,Planning,
INC-0031,Sample Waste,Planning,
INC-0032,Line,Jacquard,
INC-0033,Sample Waste,Planning,
INC-0034,5m waste,Packing,
INC-0035,5m waste,Planning,
INC-0036,Sample Waste,Planning,
INC-0037,Yarn Missing,Sourcing,
INC-0038,Dirt Marks,Dye Range,
INC-0039,Belling,Planning,
INC-0040,1mtr weight issue,1mtr weight issue,
INC-0041,Received Less,Planning,
INC-0042,Dye Patch,Dye Range,
INC-0043,Sample Waste,Dye Range,
INC-0044,5m waste,Packing,
INC-0045,Received Less,Planning,
INC-0046,Sample Waste,Planning,
INC-0047,Sample Waste,Dye Range,
INC-0048,High joint,Planning,
INC-0049,Shade Variation,Dye Exhaust,
INC-0050,High joint,Planning,
INC-0051,Off Shade,Planning,
INC-0052,Off Shade,Planning,
INC-0053,Off Shade,Planning,
INC-0054,Off Shade,Planning,
INC-0055,Off Shade,Planning,
INC-0056,NLDA,Planning,
INC-0057,Quality Issue,Dye Range,
INC-0058,Quality Issue,Dye Range,
INC-0059,Received Less,Dye Range,
INC-0060,Shade Variation,Dye Range,
INC-0061,Low Width,Planning,
INC-0062,Batch Missing,Planning,
INC-0063,Off Shade,Dye Range,
INC-0064,Batch Missing,Planning,
INC-0065,Edge Damage,Weaving,
INC-0066,Production Waste,Dye Exhaust,
INC-0067,Received Less,Greige Stores,
INC-0068,5m waste,Packing,
INC-0069,Production Waste,Dye Range,
INC-0070,Silicon Damage,Value Addition,
INC-0071,Received Less,Planning,
INC-0072,Production Waste,Dye Range,
INC-0073,Received Less,Planning,
INC-0074,Received Less,Planning,
INC-0075,Off Shade,Sourcing,Issue the
INC-0076,Received Less,Stretchline-2,
INC-0077,Received Less,Greige Stores,
INC-0078,Received Less,Planning,
INC-0079,Dye Patch,Dye Range,
INC-0080,Dye Patch,Dye Range,
INC-0081,Order Complete,Planning,
INC-0082,Received Less,Planning,
INC-0083,Order Complete,Planning,
INC-0084,Print damage,Value Addition,
INC-0085,Edge Damage,Weaving,
INC-0086,Bonding Damage,Value Addition,
INC-0087,Silicon Damage,Value Addition,
INC-0088,Bonding Damage,Value Addition,
INC-0089,Silicon Damage,Value Addition,
INC-0090,1mtr weight issue,Stretchline-SL,
INC-0091,Line,Sourcing,To Be Confitm
INC-0092,Dye Patch,Dye Range,
INC-0093,Production Waste,Dye Range,
INC-0094,Received Less,Greige Stores,
INC-0095,5m waste,Packing,
INC-0096,Shade Variation,Dye Range,
INC-0097,Folding Marks,Dye Exhaust,
INC-0098,Dye Patch,Dye Range,
INC-0099,Dye Patch,Dye Range,
INC-0100,High letter length,Planning,
INC-0101,Shade Variation,Dye Range,
INC-0102,Sample Waste,Dye Range,
INC-0103,Off Shade,Dye Exhaust,"till stable the quality ,cannot be defined action plan"
INC-0104,5m waste,Packing,
INC-0105,Shade Variation,Dye Exhaust,use new chemical
INC-0106,Edge Damage,Jacquard,
INC-0107,Off Shade,Dye Range,
INC-0108,Snagging,Dye Exhaust,clean the damage areas
INC-0109,Dirt Marks,Weaving,
INC-0110,Bonding Damage,Value Addition,
INC-0111,Print damage,Planning,
INC-0112,Print damage,Value Addition,
INC-0113,Print damage,Value Addition,
INC-0114,Print damage,Value Addition,
INC-0115,Bonding Damage,Planning,
INC-0116,Print damage,Value Addition,
INC-0117,Print damage,Value Addition,
INC-0118,5m waste,Planning,
INC-0119,Print damage,Value Addition,
INC-0120,5m waste,Planning,
INC-0121,5m waste,Planning,
INC-0122,5m waste,Packing,
INC-0123,Received Less,Dye Range,
INC-0124,Print damage,Value Addition,
INC-0125,5m waste,Planning,
INC-0126,5m waste,Planning,
INC-0127,1mtr weight issue,Packing,
INC-0128,Received Less,Dye Exhaust,recipe RFT
INC-0129,Received Less,Planning,
INC-0130,Received Less,Dye Range,
INC-0131,Order Complete,Order Complete,
INC-0132,Received Less,Greige Stores,
INC-0133,Shade Variation,Dye Range,
INC-0134,Edge Damage,Jacquard,
INC-0135,Order Complete,Order Complete,
INC-0136,Sample Waste,Dye Range,
INC-0137,Dye Patch,Dye Range,
INC-0138,Bonding Damage,Value Addition,
INC-0139,Line,Sourcing,
INC-0140,Print damage,Value Addition,
INC-0141,Dye Patch,Dye Range,
INC-0142,Off Shade,Dye Range,
INC-0143,Face Damage,Weaving,
INC-0144,Order Complete,Order Complete,
INC-0145,Order Complete,Order Complete,
INC-0146,Order Complete,Order Complete,
INC-0147,Dye Patch,Dye Range,
INC-0148,Order Complete,Order Complete,
INC-0149,Off Shade,Dye Range,
INC-0150,Order Complete,Order Complete,
INC-0151,Dirt Marks,Dye Range,
INC-0152,Face Variation,Sourcing,
INC-0153,Order Complete,Order Complete,
INC-0154,Order Complete,Order Complete,
INC-0155,Off Shade,Dye Exhaust,
INC-0156,waste % Error,Dye Range,
INC-0157,5m waste,Packing,
INC-0158,Order Complete,Order Complete,
INC-0159,1mtr weight issue,Dye Range,
INC-0160,Received Less,Planning,
INC-0161,Uneven Edges,Weaving,
INC-0162,Shade Variation,Dye Range,
INC-0163,Wrong Quality,Greige Stores,
INC-0164,High letter length,Dye Exhaust,
INC-0165,Received Less,Dye Range,
INC-0166,Edge Damage,Jacquard,
INC-0167,Shade Variation,Dye Exhaust,
INC-0168,1mtr weight issue,Quality Assurance,
INC-0169,Dirt Marks,Dye Range,
INC-0170,1mtr weight issue,Quality Assurance,
INC-0171,Low Repeat Length,Jacquard,
INC-0172,Received Less,Dye Exhaust,
INC-0173,Patch,Dye Range,
INC-0174,1mtr weight issue,Quality Assurance,
INC-0175,Production Waste,Dye Exhaust,
INC-0176,Dye Patch,Dye Range,
INC-0177,Sample Waste,Dye Range,
INC-0178,Shade Variation,Dye Range,
INC-0179,Dirt Marks,Dye Range,
INC-0180,Patch,Dye Range,
INC-0181,5m waste,Packing,
INC-0182,Production Waste,Dye Range,
INC-0183,Received Less,Dye Exhaust,
INC-0184,5m waste,Packing,
INC-0185,Received Less,Planning,
INC-0186,Received Less,Greige Stores,
INC-0187,Received Less,Greige Stores,
INC-0188,Dye Patch,Dye Range,
INC-0189,Entangle,Dye Range,
INC-0190,Received Less,Greige Stores,
INC-0191,5m waste,Packing,
INC-0192,Received Less,Planning,
INC-0193,Received Less,Planning,
INC-0194,Received Less,Planning,
INC-0195,Low Repeat Length,Jacquard,
INC-0196,Stop Mark,Jacquard,
INC-0197,Received Less,Greige Stores,
INC-0198,Order Complete,Order Complete,
INC-0199,Received Less,Planning,
INC-0200,5m waste,Packing,
INC-0201,Received Less,Planning,
INC-0202,Received Less,Greige Stores,
INC-0203,1mtr weight issue,Stretchline-HNK,
INC-0204,Order Complete,Order Complete,
INC-0205,1mtr weight issue,Stretchline-HNK,
INC-0206,5m waste,Packing,
INC-0207,1mtr weight issue,Stretchline-SL,
INC-0208,Creas mark,Planning,
INC-0209,1mtr weight issue,Quality Assurance,
INC-0210,1mtr weight issue,Quality Assurance,
INC-0211,Received Less,Dye Exhaust,
INC-0212,Received Less,Planning,
INC-0213,Order Complete,Order Complete,
INC-0214,Order Complete,Order Complete,
INC-0215,Order Complete,Order Complete,
INC-0216,Received Less,Dye Range,
INC-0217,Received Less,Dye Range,
INC-0218,Received Less,Dye Exhaust,
INC-0219,Loop,Weaving,
INC-0220,Shade Variation,Weaving,
INC-0221,Edge Damage,Development,
INC-0222,Received Less,Greige Stores,
INC-0223,Received Less,Dye Range,
INC-0224,Off Shade,Dye Exhaust,
INC-0225,1mtr weight issue,Stretchline-Mexico,
INC-0226,5m waste,Packing,
INC-0227,Sample Waste,Dye Range,
INC-0228,Received Less,Planning,
INC-0229,Entangle,Dye Range,
INC-0230,Snagging,Dye Range,
INC-0231,Received Less,Greige Stores,
INC-0232,Patch,Dye Range,
INC-0233,Lines,Sourcing,
INC-0234,High Joint,Weaving,
INC-0235,Off Shade,Dye Range,
INC-0236,Wrong Joint,Jacquard,
INC-0237,Shade Variation,Dye Range,
INC-0238,Shade Variation,Dye Range,
INC-0239,Dirt Marks,Dye Range,
INC-0240,Dirt Marks,Preparation,
INC-0241,Off Shade(Old Greige),Sales,
INC-0242,Shade Variation,Dye Range,
INC-0243,Loop,Stretchline-Mexico,
INC-0244,1mtr weight issue,Stretchline-2,
INC-0245,Edge Damage,Stretchline-Mexico,
INC-0246,Width Variation,Stretchline-Mexico,
INC-0247,Received Less,Dye Range,
INC-0248,Dirt Marks,Weaving,
INC-0249,Scallop damage,Weaving,
INC-0250,Scallop damage,Weaving,
INC-0251,Scallop damage,Weaving,
INC-0252,Dirt Marks,Planning,
INC-0253,Shade Variation,Dye Exhaust,
INC-0254,Shade Variation,Dye Range,
INC-0255,Lines,Planning,
INC-0256,Lines,Sourcing,
INC-0257,Lines,Planning,
INC-0258,Shade Variation,Dye Range,
INC-0259,Curling,Development,
INC-0260,1mtr weight issue,Planning,
INC-0261,Patch,Sourcing,
INC-0262,Patch,Sourcing,
INC-0263,Patch,Sourcing,
INC-0264,Patch,Sourcing,
INC-0265,Shade Variation,Dye Range,
INC-0266,Production Waste,Dye Exhaust,
INC-0267,Routing Error,Color Lab,
INC-0268,5m waste,Packing,
INC-0269,1mtr weight issue,Stretchline-SL,
INC-0270,1mtr weight issue,Stretchline-Mexico,
INC-0271,Machine Breakdown,Maintenance,
INC-0272,5m waste,Packing,
INC-0273,Shade Variation,Dye Range,
INC-0274,Dirt Marks,Dye Range,
INC-0275,Shade Variation,Dye Range,
INC-0276,Less Ends,Packing,
INC-0277,Wrong Quality,Dye Exhaust,
INC-0278,1mtr weight issue,Stretchline-SL,
INC-0279,1mtr weight issue,Planning,
INC-0280,Received Less,Dye Range,
INC-0281,Patches,Dye Range,
INC-0282,Shade Variation,Dye Range,
INC-0283,Low Repeat Length,Planning,
INC-0284,1mtr weight issue,Stretchline-SL,
INC-0285,Dirt Marks,Dye Range,
INC-0286,Planning  Issue,Greige Stores,
INC-0287,Patches,Dye Range,
INC-0288,Shade Variation,Dye Range,
INC-0289,Shade Variation,Dye Range,
INC-0290,Belling,Dye Range,
INC-0291,Reverside variation,Weaving,
INC-0292,Shade Variation,Planning,
INC-0293,Received Less,Dye Range,
INC-0294,Patches,Dye Range,
INC-0295,1mtr weight issue,Stretchline-SL,
INC-0296,1mtr weight issue,Stretchline-SL,
INC-0297,Snagging,Stretchline-Mexico,
INC-0298,Print damage,Value Addition,
INC-0299,Dirt Marks,Dye Range,
INC-0300,Received Less,Dye Range,
INC-0301,Received Less,Planning,
INC-0302,Received Less,Dye Range,
INC-0303,Wrong  Width,Greige Stores,
INC-0304,Shade Variation,Dye Range,
INC-0305,1mtr weight issue,Planning,
INC-0306,1mtr weight issue,Stretchline-Mexico,
INC-0307,1mtr weight issue,Stretchline-Mexico,
INC-0308,1mtr weight issue,Stretchline-Mexico,
INC-0309,1mtr weight issue,Stretchline-Mexico,
INC-0310,1mtr weight issue,Stretchline-Mexico,
INC-0311,1mtr weight issue,Stretchline-Mexico,
INC-0312,5m waste,Packing,
INC-0313,Snagging,Stretchline-Mexico,
INC-0314,Order Complete,Order Complete,
INC-0315,Belling,Planning,
INC-0316,Reverside variation(Mixlot),TBC,
INC-0317,Reverside variation(Mixlot),TBC,
INC-0318,5m waste,Packing,
INC-0319,Order Complete,Order Complete,
INC-0320,Received Less,Value Addition,
INC-0321,Received Less,Value Addition,
INC-0322,1mtr weight issue,Stretchline-Mexico,
INC-0323,Received Less,Value Addition,
INC-0324,Snagging,Stretchline-Mexico,
INC-0325,Face Variation,Dye Exhaust,
INC-0326,Received Less,Dye Exhaust,
INC-0327,Snagging,Stretchline-Mexico,
INC-0328,Received Less,Dye Range,
INC-0329,Order Complete,Order Complete,
INC-0330,Received Less,Dye Range,
INC-0331,Loop,Stretchline-Mexico,
INC-0332,Edge Damage,Stretchline-Mexico,
INC-0333,Shade Variation,Dye Range,
INC-0334,Received Less,Value Addition,
INC-0335,Off Shade,Planning,
INC-0336,1mtr weight issue,Stretchline-SL,
INC-0337,Dirt Marks,Jacquard,
INC-0338,Off Shade,Dye Range,
INC-0339,Trial batch,Dye Exhaust,
INC-0340,Trial batch,Dye Exhaust,
INC-0341,Received Less,Dye Range,
INC-0342,Received Less,Dye Range,
INC-0343,Belling,Dye Range,
INC-0344,Patches,Value Addition,
INC-0345,Loop,Development,
INC-0346,FILAMENT ISSUE,Weaving,
INC-0347,Dirt Marks,Weaving,
INC-0348,Loop,Development,
INC-0349,Shade Variation,Planning,
INC-0350,1mtr weight issue,Stretchline-Mexico,
INC-0351,Received Less,Planning,
INC-0352,Shade Variation,Dye Range,
INC-0353,1mtr weight issue,Stretchline-SL,
INC-0354,Shade Variation,Dye Exhaust,
INC-0355,Dirt Marks,Yarn Dyeing,
INC-0356,Shade Variation,Dye Range,
INC-0357,1mtr weight issue,Stretchline-SL,
INC-0358,Off Shade,Dye Range,
INC-0359,Received Less,Value Addition,
INC-0360,Received Less,Dye Range,
INC-0361,1mtr weight issue,Stretchline-SL,
INC-0362,Yarn Missing,Weaving,
INC-0363,Wrong quality,Weaving,
INC-0364,Curling,Development,
INC-0365,High Letter Length,Dye Range,
INC-0366,Width Variation,Greige Stores,
INC-0367,Belling,Stretchline-Mexico,
INC-0368,Received Less,Dye Range,
INC-0369,Shade Variation,Dye Range,
INC-0370,Shade Variation,Dye Range,
INC-0371,1mtr weight issue,Stretchline-SL,
INC-0372,Received Less,Dye Range,
INC-0373,Received Less,Dye Range,
INC-0374,Received Less,Dye Range,
INC-0375,Received Less,Dye Range,
INC-0376,Loop,Jacquard,
INC-0377,1mtr weight issue,Stretchline-SL,
INC-0378,Received Less,Dye Range,
INC-0379,Loop,Development,
INC-0380,Received Less,Dye Range,
INC-0381,Received Less,Dye Range,
INC-0382,Received Less,Dye Range,
INC-0383,1mtr weight issue,Stretchline-SL,
INC-0384,1mtr weight issue,Stretchline-SL,
INC-0385,1mtr weight issue,Stretchline-SL,
INC-0386,Received Less,Dye Range,
INC-0387,1mtr weight issue,Stretchline-SL,
INC-0388,Received Less,Dye Exhaust,
INC-0389,Off Shade,Dye Exhaust,
INC-0390,Off Shade,Dye Exhaust,
INC-0391,Wrong Quality,Jacquard,
INC-0392,1mtr weight issue,Stretchline-Mexico,
INC-0393,Off Shade,Dye Exhaust,
INC-0394,Edge Damage,Stretchline-Mexico,
INC-0395,Shade Variation,Dye Range,
INC-0396,Received Less,Dye Range,
INC-0397,Received Less,Dye Range,
INC-0398,Loop,Development,
INC-0399,Loop,Weaving,
INC-0400,Edge Damage,Weaving,
INC-0401,Patches,Dye Range,
INC-0402,Dirt Marks,Dye Range,
INC-0403,Dirt Marks,Dye Range,
INC-0404,Lines,Jacquard,
INC-0405,1mtr weight issue,Stretchline-SL,
INC-0406,Off Shade,Planing,
INC-0407,Dirt Marks,Development,
INC-0408,1mtr weight issue,Stretchline-SL,
INC-0409,Off Shade,Dye Range,
INC-0410,Received Less,Dye Range,
INC-0411,Patches,Dye Range,
INC-0412,Dye patch,Dye Range,
INC-0413,Yarn Missing,Stretchline-2,
INC-0414,Yarn Missing,Stretchline-Mexico,
INC-0415,Dirt Marks,Planning,
INC-0416,Shade Variation,Dye Range,
INC-0417,Shade Variation,TBC,
INC-0418,Dirt Marks,Dye Range,
INC-0419,Off Shade,TBC,
INC-0420,Order Complete,Order Complete,
INC-0421,Shade Variation,Stretchline-Mexico,
INC-0422,Quality Issue,Greige Stores,
INC-0423,Dirt Marks,Stretchline-Mexico,
INC-0424,Snagging,Stretchline-Mexico,
INC-0425,1mtr weight issue,Stretchline-SL,
INC-0426,Low Repeat Length,Dye Range,
INC-0427,High Letter Length,Jacquard,
INC-0428,Patches,Stretchline-2,
INC-0429,Dirt Marks,Dye Range,
INC-0430,1mtr weight issue,Stretchline-SL,
INC-0431,Shade Variation,Dye Range,
INC-0432,Shade Variation,Dye Range,
INC-0433,Order Complete,Order Complete,
INC-0434,Order Complete,Order Complete,
INC-0435,1mtr weight issue,Stretchline-Mexico,
INC-0436,Received Less,Dye Exhaust,
INC-0437,Received Less,Value Addition,
INC-0438,Patches,Dye Exhaust,
INC-0439,Received Less,Dye Range,
INC-0440,Wrong Quality,Jacquard,
INC-0441,Dirt Marks,Dye Range,
INC-0442,1mtr weight issue,Stretchline-SL,
INC-0443,Received Less,Dye Exhaust,
INC-0444,Order Complete,Order Complete,
INC-0445,Received Less,Dye Exhaust,
INC-0446,Received Less,Dye Exhaust,
INC-0447,High Joint,Dye Range,
INC-0448,Off Shade,Dye Range,
INC-0449,Shade Variation,TBC,
INC-0450,Shade Variation,Dye Range,
INC-0451,Off Shade,Dye Range,
INC-0452,Order Complete,Order Complete,
INC-0453,Order Complete,Order Complete,
INC-0454,1mtr weight issue,Stretchline-SL,
INC-0455,Received Less,Dye Exhaust,
INC-0456,Received Less,Dye Exhaust,
INC-0457,Received Less,Dye Range,
INC-0458,Off Shade,Sourcing,
INC-0459,Patches,Sourcing,
INC-0460,Received Less,Dye Exhaust,
INC-0461,Production Waste,Dye Range,
INC-0462,5m waste,Packing,
INC-0463,Patches,Dye Range,
INC-0464,Received Less,Greige Stores,
INC-0465,Sample Waste,Dye Range,
INC-0466,Received Less,Dye Range,
INC-0467,Production Waste,Greige Stores,
INC-0468,Production Waste,Dye Range,
INC-0469,Dirt Marks,Greige Stores,
INC-0470,Loop,Jacquard,
INC-0471,Off Shade,Sourcing,
INC-0472,Off Shade,Sourcing,
INC-0473,1mtr weight issue,Mexico,
INC-0474,Patches,Dye Range,
INC-0475,Received Less,Greige Stores,
INC-0476,Order Complete,Order Complete,
INC-0477,Sample Waste,Dye Range,
INC-0478,Order Complete,Order Complete,
INC-0479,Shade Variation,Dye Range,
INC-0480,Shade Variation,Dye Range,
INC-0481,Off Shade,TBC,
INC-0482,Received Less,Dye Range,
INC-0483,Sample Waste,Dye Range,
INC-0484,Shade Variation,Dye Range,
INC-0485,Received Less,Dye Exhaust,
INC-0486,5m waste,Packing,
INC-0487,Received Less,Greige Stores,
INC-0488,Patches,Sourcing,
INC-0489,Face Damage,Dye Exhaust,
INC-0490,Planning Issue,Planning,
INC-0491,Crease Mark,Dye Range,
INC-0492,LOOP,Weaving,
INC-0493,Order Complete,Order Complete,
INC-0494,Dirt Marks,Weaving,
INC-0495,Patches,Dye Range,
INC-0496,Production Waste,Dye Range,
INC-0497,Production Waste,Greige Stores,
INC-0498,Received Less,Stretchline-2,
INC-0499,Production Waste,Dye Range,
INC-0500,Shade Variation,Dye Range,
INC-0501,Production Waste,Dye Exhaust,
INC-0502,Belling,Greige Stores,
INC-0503,1mtr weight issue,Stretchline-SL,
INC-0504,Received Less,Dye Range,
INC-0505,Snagging,Dye Range,
INC-0506,1mtr weight issue,Stretchline-SL,
INC-0507,1mtr weight issue,Stretchline-SL,
INC-0508,Received Less,Dye Exhaust,
INC-0509,1mtr weight issue,Stretchline-SL,
INC-0510,Dirt Marks,Dye Range,
INC-0511,Snagging,Stretchline-Mexico,
INC-0512,1mtr weight issue,Stretchline-Mexico,
INC-0513,Received Less,Dye Range,
INC-0514,Received Less,Dye Range,
INC-0515,Order Complete,Order Complete,
INC-0516,Order Complete,Order Complete,
INC-0517,Order Complete,Order Complete,
INC-0518,5m waste,Packing,
INC-0519,1mtr weight issue,Stretchline-SL,
INC-0520,Patches,Sourcing,
INC-0521,1mtr weight issue,Stretchline-SL,
INC-0522,5m waste,Packing,
INC-0523,1mtr weight issue,Stretchline-SL,
INC-0524,5m waste,Packing,
INC-0525,5m waste,Packing,
INC-0526,Dirt Marks,Stretchline-2,
INC-0527,1mtr weight issue,Mexico,
INC-0528,1mtr weight issue,Stretchline-SL,
INC-0529,Order Complete,Order Complete,
INC-0530,Planning Issue,Planning,
INC-0531,Order Complete,Order Complete,
INC-0532,Patches,Dye Range,
INC-0533,Patches,Sourcing,
INC-0534,Received Less,Greige Stores,
INC-0535,Order Complete,Order Complete,
INC-0536,Patches,Dye Range,
INC-0537,Patches,Sourcing,
INC-0538,Received Less,TBC,
INC-0539,1mtr weight issue,Stretchline-SL,
INC-0540,5m waste,Packing,
INC-0541,1mtr weight issue,Stretchline-SL,
INC-0542,Lines,Sourcing,
INC-0543,Dirt Marks,Yarn Dyeing,
INC-0544,Lines,Sourcing,
INC-0545,1mtr weight issue,Stretchline-SL,
INC-0546,Received Less,Dye Range,
INC-0547,5m waste,Packing,
INC-0548,1mtr weight issue,Stretchline-SL,
INC-0549,Patches,Sourcing,
INC-0550,Patches,Sourcing,
INC-0551,Patches,Sourcing,
INC-0552,Patches,Sourcing,
INC-0553,Patches,Sourcing,
INC-0554,Patches,Sourcing,
INC-0555,Received Less,Greige Stores,
INC-0556,5m waste,Packing,
INC-0557,1mtr weight issue,Stretchline-SL,
INC-0558,Order Complete,Order Complete,
INC-0559,Order Complete,Order Complete,
INC-0560,Received Less,Greige Stores,
INC-0561,Dirt Marks,Yarn Dyeing,
INC-0562,Shade Variation,Dye Range,
INC-0563,5m waste,Packing,
INC-0564,Shade variation,Dye Range,
INC-0565,Received Less,Dye Range,
INC-0566,Received Less,Dye Range,
INC-0567,Patches,Dye Range,
INC-0568,Patches,Sourcing,
INC-0569,Snagging,Dye Exhaust,
INC-0570,Patches,Sourcing,
INC-0571,1mtr weight issue,Stretchline-SL,
INC-0572,1mtr weight issue,Stretchline-SL,
INC-0573,1mtr weight issue,Stretchline-SL,
INC-0574,Shade Variation,Dye Range,
INC-0575,1mtr weight issue,Stretchline-SL,
INC-0576,Off Shade,Dye Exhaust,
INC-0577,Patches,Sourcing,
INC-0578,Received Less,Dye Range,
INC-0579,Patches,Dye Range,
INC-0580,Snagging,Dye Range,
INC-0581,5m waste,Packing,
INC-0582,Patches,Dye Range,
INC-0583,Received Less,Greige Stores,
INC-0584,Dirt Marks,Dye Range,
INC-0585,Patches,Dye Range,
INC-0586,Shade Variation,Dye Range,
INC-0587,Received Less,Greige Stores,
INC-0588,Shade Variation,Stretchline-2,
INC-0589,Shade Variation,Dye Range,
INC-0590,Edge Damage,Stretchline-Mexico,
INC-0591,Received Less,Dye Range,
INC-0592,Received Less,Dye Range,
INC-0593,Patches,Sourcing,
INC-0594,Shade Variation,Dye Range,
INC-0595,Snagging,Stretchline-Mexico,
INC-0596,Edge Damage,Stretchline-Mexico,
INC-0597,Loop,Stretchline-Mexico,
INC-0598,1mtr weight issue,Stretchline-SL,
INC-0599,Dirt Marks,Dye Range,
INC-0600,Wrong Width,Weaving,
INC-0601,Shade Variation,Dye Range,
INC-0602,1mtr weight issue,Stretchline-Mexico,
INC-0603,5m waste,Packing,
INC-0604,1mtr weight issue,Stretchline-SL,
INC-0605,5m waste,Packing,
INC-0606,1mtr weight issue,Stretchline-SL,
INC-0607,Order Complete,Order Complete,
INC-0608,Order Complete,Order Complete,
INC-0609,Order Complete,Order Complete,
INC-0610,Off Shade,Dye Range,
INC-0611,Off Shade,Dye Range,
INC-0612,Shade Variation,Dye Range,
INC-0613,Shade Variation,Dye Range,
INC-0614,Lines,Sourcing,
INC-0615,Patches,Sourcing,
INC-0616,Shade Variation,Sourcing,
INC-0617,Patches,Sourcing,
INC-0618,Sample Waste,Dye Range,
INC-0619,Dye patch,Dye Range,
INC-0620,Low Repeat Length,Dye Exhaust,Product should be developed
INC-0621,Reverside variation,Sourcing,
INC-0622,Patches,Sourcing,
INC-0623,Batch Missing,Dye Range,
INC-0624,Edge Damage,Stretchline-Mexico,
INC-0625,Snagging,Stretchline-Mexico,
INC-0626,Patches,Sourcing,
INC-0627,Patches,Dye Range,
INC-0628,Shade Variation,Dye Range,
INC-0629,Reverside variation,Dye Range,
INC-0630,Received Less,Greige Stores,
INC-0631,Off Shade,Dye Range,
INC-0632,NLDA,NLDA,
INC-0633,High Joint,Development,
INC-0634,1mtr weight issue,Stretchline-SL,
INC-0635,Shade Variation,Dye Range,
INC-0636,Edge Damage,Stretchline-Mexico,
INC-0637,Off Shade,Dye Range,
INC-0638,Quality Issue,Dye Range,
INC-0639,Received Less,Stretchline-SL,
INC-0640,Shade variation,Weaving,
INC-0641,Patches,Dye Range,
INC-0642,1mtr weight issue,Stretchline-SL,
INC-0643,1mtr weight issue,Stretchline-Mexico,
INC-0644,1mtr weight issue,Stretchline-SL,
INC-0645,Patches,Sourcing,
INC-0646,Patches,Sourcing,
INC-0647,Patches,Sourcing,
INC-0648,Stop Mark,Weaving,
INC-0649,Reduction of Production Order,Planning,
INC-0650,Received Less,Greige Stores,
INC-0651,Received Less,Greige Stores,
INC-0652,Shade Variation,Dye Range,
INC-0653,Received Less,Dye Range,
INC-0654,Lines,Weaving,
INC-0655,1mtr weight issue,Stretchline-SL,
INC-0656,1mtr weight issue,Stretchline-Mexico,
INC-0657,High Letter Length,Development,
INC-0658,1mtr weight issue,Stretchline-SL,
INC-0659,Patches,Sourcing,
INC-0660,Patches,Sourcing,
INC-0661,Patches,Sourcing,
INC-0662,Received Less,Dye Range,
INC-0663,High Joint,Dye Exhaust,
INC-0664,Received Less,Greige Stores,
INC-0665,Stop Mark,Stretchline-2,
INC-0666,Slack Rubber,Dye Exhaust,
INC-0667,Order Complete,Order Complete,
INC-0668,Received Less,Greige Stores,
INC-0669,1mtr weight issue,Stretchline-SL,
INC-0670,Received Less,Greige Stores,
INC-0671,Received Less,Greige Stores,
INC-0672,1mtr weight issue,Stretchline-Mexico,
INC-0673,Received Less,Dye Exhaust,
INC-0674,Order Complete,Order Complete,
INC-0675,Order Complete,Order Complete,
INC-0676,Shade Variation,Dye Range,
INC-0677,Shade variation,Dye Range,
INC-0678,Patches,Dye Range,
INC-0679,Scallop damage,Dye Range,
INC-0680,Patches,Dye Range,
INC-0681,1mtr weight issue,Stretchline-SL,
INC-0682,Received Less,Dye Range,
INC-0683,1mtr weight issue,Stretchline-SL,
INC-0684,1mtr weight issue,Stretchline-SL,
INC-0685,Received Less,Dye Range,
INC-0686,Patches,Dye Range,
INC-0687,1mtr weight issue,Stretchline-SL,
INC-0688,Wrong Width,Color Lab,
INC-0689,1mtr weight issue,Stretchline-Mexico,
INC-0690,Shade Variation,Dye Range,
INC-0691,Edge Damage,Stretchline-Mexico,
INC-0692,1mtr weight issue,Stretchline-SL,
INC-0693,1mtr weight issue,Stretchline-Mexico,
INC-0694,Dirt Marks,Dye Range,
INC-0695,Patches,Dye Range,
INC-0696,Dirt Marks,Dye Range,
INC-0697,Snagging,Stretchline-Mexico,
INC-0698,Stop Mark,Weaving,
INC-0699,Received Less,Dye Range,
INC-0700,1mtr weight issue,Stretchline-SL,
INC-0701,See-through,Stretchline-2,
INC-0702,1mtr weight issue,Stretchline-SL,
INC-0703,1mtr weight issue,Stretchline-SL,
INC-0704,Shade variation,Dye Range,
INC-0705,Received Less,Greige Stores,
INC-0706,1mtr weight issue,Stretchline-Mexico,
INC-0707,Shortage of material,Dye Range,
INC-0708,Patches,Dye Range,
INC-0709,Patches,Dye Exhaust,
INC-0710,Received Less,Dye Range,
INC-0711,1mtr weight issue,Stretchline-SL,
INC-0712,1mtr weight issue,Stretchline-2,
INC-0713,1mtr weight issue,Stretchline-SL,
INC-0714,1mtr weight issue,Stretchline-SL,
INC-0715,Received Less,Dye Range,
INC-0716,Patches,Dye Range,
INC-0717,Received Less,Dye Range,
INC-0718,Loop,Weaving,
INC-0719,1mtr weight issue,Stretchline-SL,
INC-0720,Lines,Sourcing,
INC-0721,Patches,Sourcing,
INC-0722,Patches,Yarn Dyeing,
INC-0723,Entangle,Dye Range,
INC-0724,Sample Waste,Packing,
INC-0725,Order Complete,Order Complete,
INC-0726,Wrong Quality,Dye Exhaust,
INC-0727,Patches,Yarn Dyeing,
INC-0728,Patches,Sourcing,
INC-0729,1mtr weight issue,Stretchline-SL,
INC-0730,1mtr weight issue,Stretchline-SL,
INC-0731,Order Complete,Order Complete,
INC-0732,5m waste,Packing,
INC-0733,5m waste,Packing,
INC-0734,1mtr weight issue,Stretchline-SL,
INC-0735,Width Variation,Jacquard,
INC-0736,Patches,Dye Range,
INC-0737,Edge Damage,Stretchline-Mexico,
INC-0738,Shade Variation,Dye Range,
INC-0739,Received Less,Dye Range,
INC-0740,Shade Variation,Dye Range,
INC-0741,Slack Rubber,Preparation,
INC-0742,1mtr weight issue,Stretchline-Mexico,
INC-0743,Received Less,Greige Stores,
INC-0744,Received Less,Dye Range,
INC-0745,Curling,Sourcing,
INC-0746,1mtr weight issue,Stretchline-Mexico,
INC-0747,Received Less,Greige Stores,
INC-0748,1mtr weight issue,Stretchline-SL,
INC-0749,Shade Variation,Dye Exhaust,
INC-0750,1mtr weight issue,Stretchline-SL,
INC-0751,Reason not mentioned,Reason not mentioned,
INC-0752,Routing error,Color Development,
INC-0753,Received Less,Dye Range,
INC-0754,Received Less,Dye Range,
INC-0755,Planning instruction,Planing,
INC-0756,Wrong Shade,Sales,
INC-0757,Lines,Sourcing,
INC-0758,Patches,Dye Range,
INC-0759,Face Variation,Stretchline-2,
INC-0760,Received Less,Greige Stores,
INC-0761,Dirt Marks,Dye Range,
INC-0762,Received Less,Greige Stores,
INC-0763,Received Less,Greige Stores,
INC-0764,Received Less,Dye Range,
INC-0765,Shade Variation,Dye Range,
INC-0766,Wet,Dye Exhaust,
INC-0767,Received Less,Greige Stores,
INC-0768,Wrong Quality,Stretchline-Mexico,
INC-0769,Width Variation,Weaving,
INC-0770,Off Shade,Dye Exhaust,
INC-0771,Lines,Stretchline-Mexico,
INC-0772,Shade Variation,Weaving,
INC-0773,Wrong Width,Color Lab,
INC-0774,Received Less,Greige Stores,
INC-0775,Received Less,Dye Range,
INC-0776,Reverside variation,Dye Range,
INC-0777,Slack Rubber,Preparation,
INC-0778,1mtr weight issue,Stretchline-Mexico,
INC-0779,1mtr weight issue,Stretchline-SL,
INC-0780,Received Less,Greige Stores,
INC-0781,1mtr weight issue,Stretchline-Mexico,
INC-0782,1mtr weight issue,Stretchline-SL,
INC-0783,Shade Variation,Dye Exhaust,
INC-0784,Dye Patches,Dye Range,
INC-0785,Received Less,Greige Stores,
INC-0786,1mtr weight issue,Stretchline-Mexico,
INC-0787,1mtr weight issue,Stretchline-SL,
INC-0788,NLDA,Color Lab,
INC-0789,Patches,Dye Range,
INC-0790,Shade Variation,Weaving,
INC-0791,Off Shade,Weaving,
INC-0792,Shade Variation,Dye Range,
INC-0793,1mtr weight issue,Stretchline-SL,
INC-0794,Shade Variation,Dye Range,
INC-0795,1mtr weight issue,Stretchline-SL,
INC-0796,1mtr weight issue,Stretchline-SL,
INC-0797,1mtr weight issue,Stretchline-SL,
INC-0798,Patches,Yarn Dyeing,
INC-0799,Patches,Yarn Dyeing,
INC-0800,Patches,Yarn Dyeing,
INC-0801,Patches,Yarn Dyeing,
INC-0802,Edge Damage,Weaving,
INC-0803,Off Shade,Weaving,
INC-0804,Face Damage,Mexico,
INC-0805,Edge Damage,Mexico,
INC-0806,Shade Variation,Dye Range,
INC-0807,Patches,Dye Range,
INC-0808,Shade Variation,Weaving,
INC-0809,Shade Variation,Stretchline-2,
INC-0810,NLDA,Color Lab,
INC-0811,Patches,Dye Range,
INC-0812,1mtr weight issue,Stretchline-SL,
INC-0813,Received Less,Greige Stores,
INC-0814,Received Less,Greige Stores,
INC-0815,Received Less,Dye Range,
INC-0816,Received Less,Greige Stores,
INC-0817,Face Variation,Stretchline-2,
INC-0818,Shade Variation,Stretchline-2,
INC-0819,Received Less,Greige Stores,
INC-0820,Shade Variation,Dye Range,
INC-0821,Shade Variation,Dye Range,
INC-0822,Face Damage,Development,
INC-0823,Edge Damage,Weaving,
INC-0824,Received Less,Greige Stores,
INC-0825,Face Damage,Development,
INC-0826,Face Damage,Development,
INC-0827,Dirt Marks,Yarn Dyeing,
INC-0828,Patches,Dye Range,
INC-0829,Received Less,Dye Range,
INC-0830,Face Damage,Development,
INC-0831,Received Less,Greige Stores,
INC-0832,Dirt Marks,Preparation,
INC-0833,Shade Variation,Dye Range,
INC-0834,Patches,Dye Range,
INC-0835,1mtr weight issue,Stretchline-SL,
INC-0836,Patches,Dye Range,
INC-0837,Shade Variation,Dye Range,
INC-0838,Edge Damage,Jacquard,
INC-0839,1mtr weight issue,Stretchline-SL,
INC-0840,Received Less,Greige Stores,
INC-0841,High Joint,Dye Exhaust,
INC-0842,1mtr weight issue,Stretchline-SL,
INC-0843,Received Less,Dye Range,
INC-0844,Patches,Dye Range,
INC-0845,Print damage,Value Addition,
INC-0846,Wrong Quality,Stretchline-Mexico,
INC-0847,Received Less,Dye Range,
INC-0848,Received Less,Dye Range,
INC-0849,1mtr weight issue,Stretchline-SL,
INC-0850,Snagging,Dye Range,
INC-0851,1mtr weight issue,Stretchline-Mexico,
INC-0852,1mtr weight issue,Stretchline-SL,
INC-0853,1mtr weight issue,Stretchline-2,
INC-0854,1mtr weight issue,Stretchline-SL,
INC-0855,Curling,Stretchline-Mexico,
INC-0856,1mtr weight issue,Stretchline-SL,
INC-0857,1mtr weight issue,Stretchline-SL,
INC-0858,Bias,Weaving,
INC-0859,1mtr weight issue,Stretchline-SL,
INC-0860,1mtr weight issue,Stretchline-SL,
INC-0861,Received Less,Dye Range,
INC-0862,1mtr weight issue,Stretchline-SL,
INC-0863,1mtr weight issue,Stretchline-SL,
INC-0864,Shade Variation,Dye Range,
INC-0865,1mtr weight issue,Stretchline-Mexico,
INC-0866,Print damage,Value Addition,
INC-0867,Print damage,Value Addition,
INC-0868,1mtr weight issue,Stretchline-SL,
INC-0869,1mtr weight issue,Stretchline-SL,
INC-0870,Genral operational waste,Greige Stores,
INC-0871,Received Less,Greige Stores,
INC-0872,1mtr weight issue,Stretchline-SL,
INC-0873,1mtr weight issue,Stretchline-SL,
INC-0874,1mtr weight issue,Stretchline-SL,
INC-0875,1mtr weight issue,Stretchline-SL,
INC-0876,1mtr weight issue,Stretchline-SL,
INC-0877,1mtr weight issue,Stretchline-SL,
INC-0878,Snagging,Stretchline-Mexico,
INC-0879,Product waste,Dye Exhaust,
INC-0880,1mtr weight issue,Stretchline-SL,
INC-0881,1mtr weight issue,Stretchline-SL,
INC-0882,Lines,Stretchline-Mexico,
INC-0883,Dirt Marks,Dye Range,
INC-0884,Received Less,Dye Range,
INC-0885,Shade Variation,Dye Range,
INC-0886,Lines,Jacquard,
INC-0887,Shade Variation,Stretchline-2,
INC-0888,1mtr weight issue,Stretchline-SL,
INC-0889,1mtr weight issue,Stretchline-SL,
INC-0890,Print damage,Value Addition,
INC-0891,Shade Variation,Stretchline-2,
INC-0892,1mtr weight issue,Stretchline-SL,
INC-0893,Print damage,Value Addition,
INC-0894,Received Less,Dye Range,
INC-0895,1mtr weight issue,Stretchline-SL,
INC-0896,Shade variation,Weaving,
INC-0897,Off Shade,Weaving,
INC-0898,Shade variation,Dye Range,
INC-0899,High Letter Length,Dye Exhaust,
INC-0900,Dye Patches,Dye Range,
INC-0901,Shade variation,Weaving,
INC-0902,Shade Variation,Dye Exhaust,
INC-0903,High Joint,Weaving,
INC-0904,Received Less,Dye Range,
INC-0905,Shade Variation,Stretchline-2,
INC-0906,Dye Patches,Dye Range,
INC-0907,Face Variation,Stretchline-2,
INC-0908,Print damage,Value Addition,
INC-0909,Off Shade,Dye Range,
INC-0910,Snagging,Stretchline-Mexico,
INC-0911,Shade Variation,Dye Range,
INC-0912,Patches,Dye Range,
INC-0913,Off Shade,Stretchline-2,
INC-0914,Face Damage,Dye Range,
INC-0915,Wrong Width,Jacquard,
INC-0916,Genral operational waste,Greige Stores,
INC-0917,1mtr weight issue,Stretchline-SL,
INC-0918,High Joint,Greige Stores,
INC-0919,Shade variation,Dye Range,
INC-0920,NLDA,Color Lab,
INC-0921,NLDA,Color Lab,
INC-0922,NLDA,Color Lab,
INC-0923,Dirt Marks,Weaving,
INC-0924,Riverside Side Variation,Sourcing,
INC-0925,Received Less,Dye Range,
INC-0926,Quality Issue,Yarn Dyeing,
INC-0927,1mtr weight issue,Stretchline-2,
INC-0928,Off Shade,Dye Range,
INC-0929,Off Shade,Dye Range,
INC-0930,Received Less,Dye Range,
INC-0931,Received Less,Greige Stores,
INC-0932,High Letter Length,Dye Range,
INC-0933,High Letter Length,Dye Range,
INC-0934,Received Less,Greige Stores,
INC-0935,Received Less,Greige Stores,
INC-0936,Curling,Sourcing,
INC-0937,1mtr weight issue,Stretchline-SL,
INC-0938,1mtr weight issue,Stretchline-SL,
INC-0939,Dirt Marks,Yarn Dyeing,
INC-0940,Snagging,Dye Exhaust,
INC-0941,Snagging,Dye Range,
INC-0942,Order Complete,Order Complete,
INC-0943,1mtr weight issue,Stretchline-SL,
INC-0944,Shade variation,Dye Range,
INC-0945,NLDA,Color Lab,
INC-0946,NLDA,Color Lab,
INC-0947,Shade Variation,Dye Range,
INC-0948,Order Complete,Order Complete,
INC-0949,Shade Variation,Dye Range,
INC-0950,Sample Waste,Dye Range,
INC-0951,Order Complete,Order Complete,
INC-0952,Shade Variation,Dye Range,
INC-0953,Shade Variation,Dye Range,
INC-0954,1mtr weight issue,Stretchline-SL,
INC-0955,Snagging,Dye Range,
INC-0956,1mtr weight issue,Stretchline-SL,
INC-0957,5m waste,Packing,
INC-0958,Received Less,Dye Range,
INC-0959,1mtr weight issue,Stretchline-SL,
INC-0960,5m waste,Packing,
INC-0961,High Joint,Dye Exhaust,
INC-0962,1mtr weight issue,Stretchline-SL,
INC-0963,1mtr weight issue,Stretchline-SL,
INC-0964,Reverside variation,Dye Range,
INC-0965,Patches,Sourcing,
INC-0966,Face Variation,Weaving,
INC-0967,Print damage,Value Addition,
INC-0968,Print damage,Value Addition,
INC-0969,5m waste,Packing,
INC-0970,Yarn Dust,Yarn Dyeing,
INC-0971,Yarn Dust,Yarn Dyeing,
INC-0972,Curling,Development,
INC-0973,Sample Waste,Dye Range,
INC-0974,1mtr weight issue,Stretchline-SL,
INC-0975,1mtr weight issue,Stretchline-SL,
INC-0976,1mtr weight issue,Stretchline-Mexico,
INC-0977,5m waste,Packing,
INC-0978,Product waste,Dye Exhaust,
INC-0979,1mtr weight issue,Stretchline-SL,
INC-0980,5m waste,Packing,
INC-0981,Shade Variation,TBC,
INC-0982,Dirt Marks,Weaving,
INC-0983,Shade Variation,Dye Range,
INC-0984,Entangle,stretchline-2,
INC-0985,Snagging,Stretchline-Mexico,
INC-0986,Snagging,Stretchline-Mexico,
INC-0987,Patches,Dye Range,
INC-0988,Snagging,Stretchline-Mexico,
INC-0989,Snagging,Stretchline-Mexico,
INC-0990,Yarn Dust,Yarn Dyeing,
INC-0991,5m waste,Packing,
INC-0992,Edge Damage,Stretchline-Mexico,
INC-0993,Edge Damage,Stretchline-Mexico,
INC-0994,Curling,Stretchline-Mexico,
INC-0995,Dirt Marks,Stretchline-Mexico,
INC-0996,Shade Variation,Dye Range,
INC-0997,Received Less,Greige Stores,
INC-0998,Product waste,Dye Exhaust,
INC-0999,Product waste,Value Addition,
INC-1000,Received Less,Dye Range,
INC-1001,Order Complete,Order Complete,
INC-1002,Bias,Weaving,
INC-1003,Yarn Dust,Yarn Dyeing,
INC-1004,Yarn Dust,Yarn Dyeing,
INC-1005,5m waste,Packing,
INC-1006,Sample Waste,Dye Range,
INC-1007,Shade Variation,Dye Range,
INC-1008,Sample Waste,Dye Range,
INC-1009,Shade Variation,Dye Range,
INC-1010,Sample Waste,Dye Range,
INC-1011,5m waste,Packing,
INC-1012,Off Shade,Dye Range,
INC-1013,Shade Variation,TBC,
INC-1014,Yarn Dust,Yarn Dyeing,
INC-1015,Yarn Dust,Yarn Dyeing,
INC-1016,Received Less,Greige Stores,
INC-1017,Print damage,Value Addition,
INC-1018,Face Damage,Stretchline-2,
INC-1019,Shade Variation,Dye Range,
INC-1020,Shade Variation,Dye Range,
INC-1021,Greige Issue,Stretchline-2,
INC-1022,Shade variation,Weaving,
INC-1023,1mtr weight issue,Stretchline-Mexico,
INC-1024,1mtr weight issue,Stretchline-SL,
INC-1025,Face line,Sourcing,
INC-1026,Lines,Sourcing,
INC-1027,Lines,Sourcing,
INC-1028,Lines,Sourcing,
INC-1029,Patches,Dye Range,
INC-1030,Received Less,Dye Range,
INC-1031,1mtr weight issue,Stretchline-SL,
INC-1032,Wrong Quality,Greige Stores,
INC-1033,Order Complete,Order Complete,
INC-1034,Loop,Weaving,
INC-1035,Shade Variation,Dye Range,
INC-1036,Belling,Dye Range,
INC-1037,Order Complete,Order Complete,
INC-1038,Order Completed,Order Complete,
INC-1039,Received Less,Dye Range,
INC-1040,Print damage,Value Addition,
INC-1041,Received Less,Dye Range,
INC-1042,Patches,Dye Range,
INC-1043,Shade Variation,Dye Range,
INC-1044,Belling,Stretchline-Mexico,
INC-1045,Order Complete,Order Complete,
INC-1046,Order Complete,Order Complete,
INC-1047,Yarn Missing,Weaving,
INC-1048,5m waste,Packing,
INC-1049,5m waste,Packing,
INC-1050,Wrong Quality,Jacquard,
INC-1051,Off Shade,Dye Range,
INC-1052,Shade Variation,Dye Range,
INC-1053,NLDA,Color Lab,
INC-1054,Off Shade,Weaving,
INC-1055,Patches,Dye Range,
INC-1056,NLDA,Color Lab,
INC-1057,NLDA,Color Lab,
INC-1058,NLDA,Color Lab,
INC-1059,NLDA,Color Lab,
INC-1060,Loop,Weaving,
INC-1061,Shade Variation,Dye Range,
INC-1062,Dirt Marks,Dye Range,
INC-1063,Shade Variation,Dye Range,
INC-1064,5m waste,Packing,
INC-1065,5m waste,Packing,
INC-1066,Lines,Yarn Dyeing,
INC-1067,5m waste,Less than 5m,
INC-1068,Dirt Marks,Preparation,
INC-1069,5m waste,Less than 5m,
INC-1070,Scallop damage,Greige Stores,
INC-1071,Scallop damage,Greige Stores,
INC-1072,Width Variation,Greige Stores,
INC-1073,1mtr weight issue,Stretchline-SL,
INC-1074,1mtr weight issue,Stretchline-SL,
INC-1075,1mtr weight issue,Stretchline-SL,
INC-1076,Patches,Dye Range,
INC-1077,Patches,Dye Range,
INC-1078,Received Less,Dye Range,
INC-1079,1mtr weight issue,Stretchline-Mexico,
INC-1080,Machine Breakdown Waste,Machine Breakdown Waste,
INC-1081,Lines,Sourcing,
INC-1082,NLDA,Color Lab,
INC-1083,Dirt Marks,Sourcing,
INC-1084,1mtr weight issue,Stretchline-SL,
INC-1085,Patches,Dye Range,
INC-1086,Received Less,Dye Range,
INC-1087,Patches,Dye Range,
INC-1088,Shade Variation,Dye Range,
INC-1089,Shade Variation,Dye Range,
INC-1090,Shade Variation,Dye Range,
INC-1091,Off Shade,Dye Range,
INC-1092,Shade Variation,Dye Range,
INC-1093,Lines,Sourcing,
INC-1094,Lines,Sourcing,
INC-1095,Lines,Sourcing,
INC-1096,Patches,Dye Range,
INC-1097,Patches,Dye Range,
INC-1098,1mtr weight issue,Stretchline-SL,
INC-1099,5m waste,Less than 5m,
INC-1100,Shade Variation,Dye Range,
INC-1101,NLDA,Color Lab,
INC-1102,Lines,Sourcing,
INC-1103,Lines,Sourcing,
INC-1104,Sample Waste,Dye Range,
INC-1105,High Letter Length,Dye Range,
INC-1106,5m waste,Less than 5m,
INC-1107,Printing Damage,Value Addition,
INC-1108,1mtr weight issue,Stretchline-Mexico,
INC-1109,Hight Joint,Yarn Dyeing,
INC-1110,Dirt Marks,Yarn Dyeing,
INC-1111,Dirt Marks,Yarn Dyeing,
INC-1112,1mtr weight issue,Stretchline-SL,
INC-1113,1mtr weight issue,Stretchline-SL,
INC-1114,Printing Damage,Value Addition,
INC-1115,Received Less,Dye Range,
INC-1116,Dye Patches,Dye Range,
INC-1117,Order Complete,Order Complete,
INC-1118,Wrong Quality,TBC,
INC-1119,Genral operational waste,Genral operational waste ,
INC-1120,Yarn Dust,Yarn Dyeing,
INC-1121,Routing error,Color Development,
INC-1122,Routing error,Color Development,
INC-1123,Line,Dye Range,
INC-1124,Product waste,Dye Range,
INC-1125,1mtr weight issue,Stretchline-SL,
INC-1126,1mtr weight issue,Stretchline-SL,
INC-1127,Sample Waste,Dye Range,
INC-1128,Wrong Quality,Planning,
INC-1129,1mtr weight issue,Stretchline-SL,
INC-1130,Face Damage,Weaving,
INC-1131,Dirt Marks,Dye Range,
INC-1132,Sample Waste,Dye Range,
INC-1133,Dirt Marks,Dye Range,
INC-1134,1mtr weight issue,Stretchline-SL,
INC-1135,1mtr weight issue,Stretchline-SL,
INC-1136,Yarn Missing,Sourcing,
INC-1137,Yarn Missing,Sourcing,
INC-1138,Yarn Missing,Sourcing,
INC-1139,Yarn Missing,Sourcing,
INC-1140,5m waste,Less than 5m,
INC-1141,5m waste,Less than 5m,
INC-1142,Sample Waste,Dye Range,
INC-1143,1mtr weight issue,Stretchline-SL,
INC-1144,1mtr weight issue,Stretchline-SL,
INC-1145,Wrong Quality,TBC,
INC-1146,Received Less,Greige Stores,
INC-1147,Received Less,Dye Exhaust,
INC-1148,Order Complete,Order Complete,
INC-1149,Face Damage,Weaving,
INC-1150,Dirt Marks,Weaving,
INC-1151,Order cancelled,Planning,
INC-1152,Order cancelled,Planning,
INC-1153,Order cancelled,Planning,
INC-1154,Order cancelled,Planning,
INC-1155,Order cancelled,Planning,
INC-1156,Order cancelled,Planning,
INC-1157,Curling,Sourcing,
INC-1158,Received Less,Value Addition,
INC-1159,5m waste,Less than 5m,
INC-1160,Received Less,Dye Exhaust,
INC-1161,1mtr weight issue,Stretchline-2,
INC-1162,Lines,Sourcing,
INC-1163,Received Less,Greige Stores,
INC-1164,5m waste,Less than 5m,
INC-1165,Order Complete,order Complete,
INC-1166,Lines,Sourcing,
INC-1167,Dirt Marks,Yarn Dyeing,
INC-1168,Dirt Marks,Yarn Dyeing,
INC-1169,5m waste,Less than 5m,
INC-1170,Dirt Marks,Sourcing,
INC-1171,1mtr weight issue,Stretchline-SL,
INC-1172,Patches,Dye Range,
INC-1173,Yarn Missing,Sourcing,
INC-1174,Curling,Sourcing,
INC-1175,Patches,Dye Range,
INC-1176,Bonding Damage,Value Addition,
INC-1177,Received Less,Greige Stores,
INC-1178,Off Shade,Dye Exhaust,
INC-1179,Wrong Quality,Dye Exhaust,
INC-1180,Received Less,Dye Range,
INC-1181,Shade Variation,Dye Range,
INC-1182,Entangles,Dye Range,
INC-1183,Curling,Sourcing,
INC-1184,Loop,Weaving,
INC-1185,5m waste,Less than 5m,
INC-1186,Patches,Dye Range,
INC-1187,Order Complete,Order Complete,
INC-1188,Shade Variation,Dye Range,
INC-1189,Received Less,Dye Range,
INC-1190,Product waste,Dye Exhaust,
INC-1191,5m waste,Less than 5m,
INC-1192,Curling,Sourcing,
INC-1193,Lines,Yarn Dyeing,
INC-1194,Edge Damage,Sourcing,
INC-1195,1mtr weight issue,Stretchline-SL,
INC-1196,Shade Variation,Dye Range,
INC-1197,5m waste,Less than 5m,
INC-1198,Received Less,Dye Range,
INC-1199,Dirt Marks,Dye Range,
INC-1200,1mtr weight issue,Stretchline-SL,
INC-1201,1mtr weight issue,Stretchline-SL,
INC-1202,Wrong Quality,Jacquard,
INC-1203,Wrong Quality,Jacquard,
INC-1204,Dirt Marks,Dye Range,
INC-1205,Yarn Missing,Sourcing,
INC-1206,1mtr weight issue,Stretchline-SL,
INC-1207,Wrong Quality,Weaving,
INC-1208,Order Complete,Order Complete,
INC-1209,1mtr weight issue,Stretchline-SL,
INC-1210,1mtr weight issue,Stretchline-SL,
INC-1211,Order Complete,Order Complete,
INC-1212,Machine Breakdown waste,Maintenance,
INC-1213,1mtr weight issue,Stretchline-SL,
INC-1214,Received Less,Dye Range,
INC-1215,5m waste,Less than 5m,
INC-1216,Received Less,Dye Range,
INC-1217,1mtr weight issue,Stretchline-SL,
INC-1218,Received Less,Greige Stores,
INC-1219,5m waste,Less than 5m,
INC-1220,5m waste,Less than 5m,
INC-1221,5m waste,Less than 5m,
INC-1222,Shade Variation,Dye Exhaust,
INC-1223,Loop,Weaving,
INC-1224,Patches,Dye Range,
INC-1225,Order Completed,Order Complete,
INC-1226,Received Less,Greige Stores,
INC-1227,Shade Variation,Dye Range,
INC-1228,5m waste,Less than 5m,
INC-1229,Edge Variation,Value Addition,
INC-1230,Bonding Damage,Value Addition,
INC-1231,Wrong Quality,Jacquard,
INC-1232,Received Less,Greige Stores,
INC-1233,Planning  Issue,Planning,
INC-1234,Received Less,Value Addition,
INC-1235,Face Lines,Yarn Dyeing,
INC-1236,Machine Breakdown waste,Maintenance,
INC-1237,Dye Demand Reduced,Planning,
INC-1238,1mtr weight issue,Stretchline-SL,
INC-1239,Off Shade,Dye Range,
INC-1240,1mtr weight issue,Stretchline-SL,
INC-1241,Routing error,Color Lab,
INC-1242,Face Variation,Weaving,
INC-1243,Order Complete,Order Complete,
INC-1244,1mtr weight issue,Stretchline-SL,
INC-1245,Patches,Dye Range,
INC-1246,1mtr weight issue,Stretchline-SL,
INC-1247,5m waste,Less than 5m,
INC-1248,5m waste,Less than 5m,
INC-1249,Order Completed,Order Complete,
INC-1250,Order Completed,Order Complete,
INC-1251,Routing error,Color Lab,
INC-1252,1mtr weight issue,Stretchline-SL,
INC-1253,Received Less,Dye Range,
INC-1254,5m waste,Less than 5m,
INC-1255,1mtr weight issue,Stretchline-Mexico,
INC-1256,Routing error,Color Lab,
INC-1257,Routing error,Color Lab,
INC-1258,Patches,Dye Range,
INC-1259,Loop,Sourcing,
INC-1260,Received Less,Dye Range,
INC-1261,1mtr weight issue,Stretchline-SL,
INC-1262,Snagging,Dye Range,
INC-1263,Order Complete,Order Complete,
INC-1264,Shade Variation,Dye Exhaust,
INC-1265,Received Less,Greige Stores,
INC-1266,Received Less,Greige Stores,
INC-1267,Received Less,Greige Stores,
INC-1268,5m waste,Less than 5m,
INC-1269,Received Less,Dye Range,
INC-1270,Order Complete,Order Complete,
INC-1271,Order Complete,Order Complete,
INC-1272,Order Complete,Order Complete,
INC-1273,Crush/Crease Marks,Dye Exhaust,
INC-1274,Shade Variation,Dye Exhaust,
INC-1275,Creas mark,Dye Exhaust,
INC-1276,Shade Variation,Dye Range,
INC-1277,Shade Variation,Weaving,
INC-1278,Face Damage,Jacquard,
INC-1279,1mtr weight issue,Quality Assurance,
INC-1280,Lines,Weaving,
INC-1281,Received Less,Greige Stores,
INC-1282,Edge Variation,Value Addition,
INC-1283,Order Complete,Order Complete,
INC-1284,Edge Variation,Value Addition,
INC-1285,Patches,Dye Range,
INC-1286,Print damage,Value Addition,
INC-1287,Order Complete,Order Completed,
INC-1288,1mtr weight issue,Stretchline-SL,
INC-1289,Off Shade,Dye Range,
INC-1290,Patches,Dye Range,
INC-1291,Wrong Quality,Packing,
INC-1292,1mtr weight issue,Stretchline-SL,
INC-1293,Dirt Marks,Dye Range,
INC-1294,Planning  Issue,Planning,
INC-1295,Uneven Edges,Jacquard,
INC-1296,1mtr weight issue,Stretchline-SL,
INC-1297,Received Less,Dye Range,
INC-1298,5m waste,Less than 5m,
INC-1299,Sample Waste,Dye Range,
INC-1300,Shade Variation,Dye Range,
INC-1301,Shade Variation,Dye Range,
INC-1302,Received Less,Greige Stores,
INC-1303,1mtr weight issue,Stretchline-SL,
INC-1304,Print damage,Value Addition,
INC-1305,Loop,Weaving,
INC-1306,1mtr weight issue,Stretchline-SL,
INC-1307,Order Complete,Order Complete,
INC-1308,Received Less,Greige Stores,
INC-1309,Received Less,Greige Stores,
INC-1310,Bonding Issues,Value Addition,
INC-1311,1mtr weight issue,Stretchline-SL,
INC-1312,Quality Issue,Stretchline-2,
INC-1313,Edge Damage,Weaving,
INC-1314,Received Less,Greige Stores,
INC-1315,Snagging,Dye Range,
INC-1316,Received Less,Dye Range,
INC-1317,1mtr weight issue,Stretchline-SL,
INC-1318,1mtr weight issue,Stretchline-SL,
INC-1319,1mtr weight issue,Stretchline-SL,
INC-1320,Received Less,Dye Range,
INC-1321,1mtr weight issue,Stretchline-SL,
INC-1322,Pin Holl,Sourcing,
INC-1323,Belling,Weaving,
INC-1324,Off Shade,Dye Range,
INC-1325,Order Complete,Order Complete,
INC-1326,Order Complete,Order Complete,
INC-1327,Order Complete,Order Complete,
INC-1328,Received Less,Greige Stores,
INC-1329,Patches,Dye Range,
INC-1330,Sample Waste,Dye Range,
INC-1331,1mtr weight issue,Stretchline-SL,
INC-1332,Received Less,Greige Stores,
INC-1333,Received Less,Greige Stores,
INC-1334,Received Less,Greige Stores,
INC-1335,Received Less,Greige Stores,
INC-1336,Received Less,Greige Stores,
INC-1337,Received Less,Dye Range,
INC-1338,5m waste,Less than 5m,
INC-1339,Order Complete,Order Complete,
INC-1340,5m waste,Less than 5m,
INC-1341,Received Less,Dye Range,
INC-1342,Production waste,Dye Range,
INC-1343,Production waste,Dye Range,
INC-1344,Production waste,Dye Range,
INC-1345,5m waste,Less than 5m,
INC-1346,Received Less,Less than 5m,
INC-1347,Received Less,Dye Range,
INC-1348,Lines,Sourcing,
INC-1349,Patches,Dye Range,
INC-1350,5m waste,Less than 5m,
INC-1351,Dirt Marks,Jacquard,
INC-1352,Received Less,Dye Range,
INC-1353,Yarn Missing,Sourcing,
INC-1354,Order Complete,Order Complete,
INC-1355,Off Shade,Dye Range,
INC-1356,5m waste,Less than 5m,
INC-1357,Shade Variation,Dye Range,
INC-1358,Patches,Dye Range,
INC-1359,5m waste,Less than 5m,
INC-1360,1mtr weight issue,Stretchline-SL,
INC-1361,5m waste,Less than 5m,
INC-1362,Patches,Dye Range,
INC-1363,Received Less,Dye Range,
INC-1364,Snagging,Mexico,
INC-1365,Order Complete,Order Complete,
INC-1366,5m waste,Less than 5m,
INC-1367,1mtr weight issue,Stretchline-SL,
INC-1368,Uneven Edges,Weaving,
INC-1369,Face Damage,Sourcing,
INC-1370,Face Damage,Sourcing,
INC-1371,Face Damage,Sourcing,
INC-1372,1mtr weight issue,Stretchline-SL,
INC-1373,Entangle,Dye Range,
INC-1374,1mtr weight issue,Stretchline-SL,
INC-1375,Patches,Dye Exhaust,
INC-1376,1mtr weight issue,Stretchline-SL,
INC-1377,1mtr weight issue,Stretchline-SL,
INC-1378,Snagging,Value Addition,
INC-1379,Curling,Mexico,
INC-1380,Snagging,Mexico,
INC-1381,Edge Damage,Mexico,
INC-1382,1mtr weight issue,Stretchline-SL,
INC-1383,1mtr weight issue,Stretchline-SL,
INC-1384,5m waste,Less than 5m,
INC-1385,5m waste,Less than 5m,
INC-1386,Silicon Damage,Value Addition,
INC-1387,1mtr weight issue,Stretchline-SL,
INC-1388,1mtr weight issue,Stretchline-SL,
INC-1389,Patches,Dye Exhaust,
INC-1390,FG balance available,order Complete,
INC-1391,Received Less,Greige Stores,
INC-1392,Patches,Dye Exhaust,
INC-1393,Lines,Jacquard,
INC-1394,Lines,Jacquard,
INC-1395,Shade Variation,Weaving,
INC-1396,Snagging,Mexico,
INC-1397,Lines,Jacquard,
INC-1398,Edge Damage,Weaving,
INC-1399,Curling,Sourcing,
INC-1400,Curling,Sourcing,
INC-1401,Edge Damage,Weaving,
INC-1402,FG balance available,Order Complete,
INC-1403,FG balance available,Order Complete,
INC-1404,Loop,Weaving,
INC-1405,Off Shade,Dye Range,
INC-1406,1mtr weight issue,Stretchline-SL,
INC-1407,Order Complete,Order Complete,
INC-1408,1mtr weight issue,Stretchline-SL,
INC-1409,FG balance Available,Order Complete,
INC-1410,FG balance Available,Order Complete,
INC-1411,FG balance Available,Order Complete,
INC-1412,FG balance Available,Order Complete,
INC-1413,FG balance Available,Order Complete,
INC-1414,FG balance Available,Order Complete,
INC-1415,FG balance Available,Order Complete,
INC-1416,FG balance Available,Order Complete,
INC-1417,Dirt Marks,TBC,
INC-1418,Dirt Marks,TBC,
INC-1419,Dirt Marks,TBC,
INC-1420,Dirt Marks,TBC,
INC-1421,Order Complete,Order Complete,
INC-1422,Received Less,Greige Stores,
INC-1423,Lines,Sourcing,
INC-1424,5m waste,Less than 5m,
INC-1425,1mtr weight issue,Stretchline-SL,
INC-1426,Received Less,Dye Range,
INC-1427,Edge Damage,Stretchline-Mexico,
INC-1428,1mtr weight issue,Stretchline-SL,
INC-1429,Received Less,stretchline-2,
INC-1430,Order Complete,order Complete,
INC-1431,Received Less,Greige Stores,
INC-1432,Print damage,Value Addition,
INC-1433,5m waste,Less than 5m,
INC-1434,5m waste,Less than 5m,
INC-1435,Snagging,Weaving,
INC-1436,Shade variation,Dye Range,
INC-1437,Patches,Dye Range,
INC-1438,1mtr weight issue,Stretchline-SL,
INC-1439,Creas mark,Dye Exhaust,
INC-1440,Off Shade,Dye Range,
INC-1441,Scallop damage,Greige Stores,
INC-1442,Shade Variation,TBC,
INC-1443,Shade Change,Color Lab,
INC-1444,Wrong Quality,Weaving,
INC-1445,Scallop damage,Greige Stores,
INC-1446,Wrong Quality,Weaving,
INC-1447,Patches,Dye Range,
INC-1448,Old Greige,Greige Stores,
INC-1449,Order Complete,Order Complete,
INC-1450,1mtr weight issue,Stretchline-SL,
INC-1451,Shade Change,Color Lab,
INC-1452,1mtr weight issue,Stretchline-SL,
INC-1453,Received Less,Greige Stores,
INC-1454,Curling,Sourcing,
INC-1455,Received Less,Dye Range,
INC-1456,Shade Variation,Dye Range,
INC-1457,Off Shade,Dye Exhaust,
INC-1458,Yarn Missing,Sourcing,
INC-1459,Dirt Marks,Dye Range,
INC-1460,1mtr weight issue,Stretchline-SL,
INC-1461,1mtr weight issue,Stretchline-SL,
INC-1462,1mtr weight issue,Stretchline-SL,
INC-1463,Loop,Weaving,
INC-1464,Shade variation,Stretchline-SL,
INC-1465,Driyer Overheat,Maintenance,
INC-1466,1mtr weight issue,Stretchline-SL,
INC-1467,1mtr weight issue,Stretchline-SL,
INC-1468,1mtr weight issue,Stretchline-SL,
INC-1469,1mtr weight issue,Stretchline-SL,
INC-1470,1mtr weight issue,Stretchline-SL,
INC-1471,Face Damage,Mexico,
INC-1472,Off Shade,Dye Range,
INC-1473,Lines,Sourcing,
INC-1474,5m waste,Less than 5m,
INC-1475,Wrong Quality,Jacquard,
INC-1476,Off Shade,Dye Exhaust,
INC-1477,Received Less,TBC,
INC-1478,1mtr weight issue,Stretchline-SL,
INC-1479,1mtr weight issue,Stretchline-SL,
INC-1480,Print damage,Value Addition,
INC-1481,Order Complete,order Complete,
INC-1482,1mtr weight issue,Stretchline-SL,
INC-1483,1mtr weight issue,Stretchline-SL,
INC-1484,1mtr weight issue,Stretchline-SL,
INC-1485,Order Complete,order Complete,
INC-1486,Genral operational waste,Greige Stores,
INC-1487,Loop,Jacquard,
INC-1488,Loop,Jacquard,
INC-1489,FG balance available,order Complete,
INC-1490,Edge Damage,Weaving,
INC-1491,Belling,Development,
INC-1492,Creas mark,Yarn Dyeing,
INC-1493,Belling,Development,
INC-1494,1mtr weight issue,Stretchline-SL,
INC-1495,1mtr weight issue,Stretchline-SL,
INC-1496,Shade Variation,TBC,
INC-1497,5m waste,Less than 5m,
INC-1498,5m waste,Less than 5m,
INC-1499,Sample Waste,Dye Range,
INC-1500,Low Repeat Length,Development,
INC-1501,Low Repeat Length,Development,
INC-1502,Width Variation,Weaving,
INC-1503,Shade Variation,TBC,
INC-1504,Shade Variation,TBC,
INC-1505,Low Repeat Length,TBC,
INC-1506,Received Less,Greige Stores,
INC-1507,Print damage,Value Addition,
INC-1508,Received Less,Greige Stores,
INC-1509,Low Width,Weaving,
INC-1510,Entangle,Dye Range,
INC-1511,Bond Damage,Value Addition,
INC-1512,Bias,TBC,
INC-1513,Entangle,Dye Range,
INC-1514,Production waste,Dye Exhaust,
INC-1515,Sample Waste,Dye Range,
INC-1516,Order cancelled,Order Complete,
INC-1517,Lines,Preparation,
INC-1518,Patches,Dye Range,
INC-1519,Sample Waste,Dye Range,
INC-1520,Order Complete,Order Complete,
INC-1521,Received Less,Greige Stores,
INC-1522,Off Shade,TBC,
INC-1523,Lines,Yarn Dyeing,
INC-1524,Creas mark,Dye Exhaust,
INC-1525,Print damage,Value Addition,
INC-1526,Patches,Dye Range,
INC-1527,Curling,Sourcing,
INC-1528,Yarn Dust,Sourcing,
INC-1529,1mtr weight issue,Stretchline-SL,
INC-1530,Lines,Jacquard,
INC-1531,Lines,Yarn Dyeing,
INC-1532,Sample Waste,Dye Range,
INC-1533,Shade Variation,TBC,
INC-1534,Shade Variation,TBC,
INC-1535,Shade Variation,Dye Range,
INC-1536,Shade Variation,Dye Range,
INC-1537,Shade Variation,Dye Range,
INC-1538,Shade Variation,Dye Range,
INC-1539,1mtr weight issue,Stretchline-SL,
INC-1540,Patches,Dye Range,
INC-1541,Shade Variation,TBC,
INC-1542,Received Less,Greige Stores,
INC-1543,5m waste,Less than 5m,
INC-1544,Off Shade,Dye Range,
INC-1545,Shade variation,Dye Range,
INC-1546,Lines,Yarn Dyeing,
INC-1547,Shade variation,Dye Range,
INC-1548,Low Stretch,Jacquard,
INC-1549,1mtr weight issue,Stretchline-SL,
INC-1550,Print damage,Value Addition,
INC-1551,5m waste,Less than 5m,
INC-1552,1mtr weight issue,Stretchline-SL,
INC-1553,Lines,Jacquard,
INC-1554,Low Repeat Length,Development,
INC-1555,5m waste,Less than 5m,
INC-1556,5m waste,Less than 5m,
INC-1557,1mtr weight issue,Stretchline-SL,
INC-1558,Received Less,Dye Range,
INC-1559,Order Completed,Order Completed,
INC-1560,1mtr weight issue,Stretchline-SL,
INC-1561,5m waste,Less than 5m,
INC-1562,Edge Damage,Weaving,
INC-1563,Shade variation,Dye Range,
INC-1564,Shade variation,Dye Range,
INC-1565,Shade variation,Dye Range,
INC-1566,Shade variation,Dye Range,
INC-1567,Lines,Yarn Dyeing,
INC-1568,Dirt Marks,Dye Range,
INC-1569,Shade Variation,Dye Range,
INC-1570,Lines,Jacquard,
INC-1571,Yarn Missing,Sourcing,
INC-1572,1mtr weight issue,Stretchline-SL,
INC-1573,1mtr weight issue,Stretchline-SL,
INC-1574,1mtr weight issue,Stretchline-SL,
INC-1575,1mtr weight issue,Stretchline-SL,
INC-1576,1mtr weight issue,Stretchline-SL,
INC-1577,Received Less,TBC,
INC-1578,Sample Waste,Dye Range,
INC-1579,1mtr weight issue,Stretchline-SL,
INC-1580,5m waste,Less than 5m,
INC-1581,Order Completed,Order Completed,
INC-1582,Off Shade,Dye Exhaust,
INC-1583,5m waste,Less than 5m,
INC-1584,Received Less,TBC,
INC-1585,1mtr weight issue,Stretchline-SL,
INC-1586,Belling,Weaving,
INC-1587,Edge Damage,Weaving,
INC-1588,Print damage,Value Addition,
INC-1589,Received Less,TBC,
INC-1590,Print damage,Value Addition,
INC-1591,Received Less,Value Addition,
INC-1592,Order Completed,Order Completed,
INC-1593,Order Completed,Order Completed,
INC-1594,5m waste,Less than 5m,
INC-1595,5m waste,Less than 5m,
INC-1596,5m waste,Less than 5m,
INC-1597,Shade Variation,Dye Range,
INC-1598,Dirt Marks,Weaving,
INC-1599,1mtr weight issue,Mexico,
INC-1600,Patches,Dye Range,
INC-1601,1mtr weight issue,Stretchline-SL,
INC-1602,1mtr weight issue,Stretchline-SL,
INC-1603,Shade Variation,Value Addition,
INC-1604,Belling,Value Addition,
INC-1605,Low Stretch,TBC,
INC-1606,5m waste,Less than 5m,
INC-1607,Received Less,Greige Stores,
INC-1608,Off Shade,Dye Range,
INC-1609,Lines,Yarn Dyeing,
INC-1610,Low Stretch,TBC,
INC-1611,Dirt Marks,Jacquard,
INC-1612,Off Shade,Color Lab,
INC-1613,Print damage,Value Addition,
INC-1614,1mtr weight issue,Stretchline-SL,
INC-1615,1mtr weight issue,Stretchline-SL,
INC-1616,1mtr weight issue,Stretchline-SL,
INC-1617,1mtr weight issue,Stretchline-SL,
INC-1618,Wrong Edge,Value Addition,
INC-1619,Shade Rejected,Dye Range,
INC-1620,5m waste,Less than 5m,
INC-1621,1mtr weight issue,Stretchline-SL,
INC-1622,Low Repeat Length,Development,
INC-1623,Belling,TBC,
INC-1624,Order Complete,Order Complete,
INC-1625,Batch Missing,Dye Range,
INC-1626,Batch Missing,Dye Range,
INC-1627,Batch Missing,Dye Range,
INC-1628,Routing error,Color Lab,
INC-1629,1mtr weight issue,Stretchline-SL,
INC-1630,5m waste,Less than 5m,
INC-1631,5m waste,Less than 5m,
INC-1632,Received Less,Dye Range,
INC-1633,5m waste,Less than 5m,
INC-1634,Shade Variation,Color Lab,
INC-1635,Patches,Color Lab,
INC-1636,Shade variation,Dye Range,
INC-1637,High Letter Length,Dye Range,
INC-1638,Shade Variation,Dye Range,
INC-1639,Patches,Dye Range,
INC-1640,Off Shade,Dye Range,
INC-1641,Shade Variation,Dye Range,
INC-1642,5m waste,Less than 5m,
INC-1643,Slack Rubber,Preparation,
INC-1644,Off Shade,Dye Range,
INC-1645,Shade Variation,Dye Range,
INC-1646,Off Shade,Dye Range,
INC-1647,Off Shade,Dye Range,
INC-1648,Off Shade,Color Lab,
INC-1649,Sample Waste,Dye Range,
INC-1650,Received Less,TBC,
INC-1651,1mtr weight issue,Stretchline-SL,
INC-1652,Order Completed,Order Completed,
INC-1653,Shade variation,TBC,
INC-1654,Order Completed,Order Completed,
INC-1655,Stop Mark,Weaving,
INC-1656,5m waste,Less than 5m,
INC-1657,Patches,Dye Range,
INC-1658,Off Shade,Dye Range,
INC-1659,Print damage,Value Addition,
INC-1660,5m waste,Less than 5m,
INC-1661,Shade Variation,Dye Range,
INC-1662,5m waste,Less than 5m,
INC-1663,1mtr weight issue,Stretchline-SL,
INC-1664,1mtr weight issue,Stretchline-SL,
INC-1665,Production waste,Dye Range,
INC-1666,1mtr weight issue,Stretchline-SL,
INC-1667,Received Less,TBC,
INC-1668,Lines,Yarn Dyeing,
INC-1669,5m waste,Less than 5m,
INC-1670,5m waste,Less than 5m,
INC-1671,Print damage,Value Addition,
INC-1672,1mtr weight issue,Stretchline-SL,
INC-1673,Print damage,Value Addition,
INC-1674,Received Less,Greige Stores,
INC-1675,Shade Variation,Dye Range,
INC-1676,Off Shade,TBC,
INC-1677,Face Variation,Weaving,
INC-1678,Shade Variation,Dye Range,
INC-1679,Dirt Marks,Dye Range,
INC-1680,Shade Variation,Dye Range,
INC-1681,Print damage,Value Addition,
INC-1682,Machine Breakdown waste,Maintenance,
INC-1683,5m waste,Less than 5m,
INC-1684,Fastness Fail,TBC,
INC-1685,5m waste,Less than 5m,
INC-1686,5m waste,Less than 5m,
INC-1687,1mtr weight issue,Stretchline-SL,
INC-1688,Order Completed,Order Completed,
INC-1689,Print damage,Value Addition,
INC-1690,Received Less,Greige Stores,
INC-1691,Face Damage,Jacquard,
INC-1692,Received Less,TBC,
INC-1693,Print damage,Value Addition,
INC-1694,5m waste,Less than 5m,
INC-1695,Slack Rubber,Preparation,
INC-1696,Shade Variation,Dye Range,
INC-1697,5m waste,Less than 5m,
INC-1698,Lines,Yarn Dyeing,
INC-1699,Print damage,Value Addition,
INC-1700,Dirt Marks,TBC,
INC-1701,Sample Waste,Dye Range,
INC-1702,Dirt Marks,Dye Range,
INC-1703,1mtr weight issue,Stretchline-SL,
INC-1704,1mtr weight issue,Stretchline-SL,
INC-1705,Belling,Weaving,
INC-1706,Dirt Marks,Weaving,
INC-1707,Loop,Weaving,
INC-1708,Shade Variation,TBC,
INC-1709,Shade Variation,TBC,
INC-1710,Order Completed,Order Completed,
INC-1711,5m waste,Less than 5m,
INC-1712,Shade Variation,Dye Range,
INC-1713,Dirt Marks,Preparation,
INC-1714,Shade Variation,Dye Range,
INC-1715,Order Completed,Order Completed,
INC-1716,Off Shade,Dye Range,
INC-1717,Shade Variation,Dye Range,
INC-1718,Dirt Marks,Preparation,
INC-1719,Shade Variation,Dye Range,
INC-1720,Loop,Weaving,
INC-1721,Edge Damage,Weaving,
INC-1722,1mtr weight issue,Stretchline-SL,
INC-1723,5m waste,Less than 5m,
INC-1724,Machine Breakdown waste,Maintenance,
INC-1725,Order Completed,Order Completed,
INC-1726,Order Completed,Order Completed,
INC-1727,Order Completed,Order Completed,
INC-1728,5m waste,Less than 5m,
INC-1729,Shade Changed,Dye Range,
INC-1730,5m waste,Less than 5m,
INC-1731,1mtr weight issue,Stretchline-SL,
INC-1732,Machine Breakdown waste,Maintenance,
INC-1733,Order Completed,Order Completed,
INC-1734,1mtr weight issue,Stretchline-SL,
INC-1735,Dirt Marks,Dye Range,
INC-1736,Old Greige,Sales,
INC-1737,Pin Holl,Weaving,
INC-1738,Shade Variation,Dye Range,
INC-1739,5m waste,Less than 5m,
INC-1740,Patches,Value Addition,
INC-1741,Order Completed,Order Completed,
INC-1742,Shade Variation,Dye Range,
INC-1743,Dirt Marks,Dye Range,
INC-1744,Loop,Jacquard,
INC-1745,Order Completed,Order Completed,
INC-1746,1mtr weight issue,Stretchline-SL,
INC-1747,1mtr weight issue,Stretchline-SL,
INC-1748,Patches,Dye Range,
INC-1749,1mtr weight issue,Stretchline-SL,
INC-1750,Dirt Marks,Dye Range,
INC-1751,Received Less,Dye Range,
INC-1752,Shade Variation,Dye Exhaust,
INC-1753,Shade Variation,Dye Range,
INC-1754,Order cancelled,Order cancelled,
INC-1755,1mtr weight issue,Stretchline-SL,
INC-1756,Lines,TBC,
INC-1757,Uneven Edges,Sourcing,
INC-1758,1mtr weight issue,Stretchline-SL,
INC-1759,Cross Bar,Jacquard,
INC-1760,Sample Waste,Dye Range,
INC-1761,Loop,Jacquard,
INC-1762,5m waste,Less than 5m,
INC-1763,Sample Waste,Dye Range,
INC-1764,Lot Change,TBC,
INC-1765,Shade variation,Dye Range,
INC-1766,Order Completed,Order Completed,
INC-1767,Uneven Edges,Sourcing,
INC-1768,Shade variation,Dye Range,
INC-1769,Shade variation,Dye Range,
INC-1770,Order Completed,Order Completed,
INC-1771,1mtr weight issue,Stretchline-SL,
INC-1772,1mtr weight issue,Stretchline-SL,
INC-1773,Face Damage,Weaving,
INC-1774,Off Shade,Dye Exhaust,
INC-1775,Silicon Damage,Value Addition,
INC-1776,Machine Breakdown Waste,Maintenance,
INC-1777,5m waste,Less than 5m,
INC-1778,5m waste,Less than 5m,
INC-1779,Shade Variation,Dye Exhaust,
INC-1780,Uneven Edges,Sourcing,
INC-1781,5m waste,Less than 5m,
INC-1782,1mtr weight issue,Stretchline-SL,
INC-1783,Shade variation,Dye Range,
INC-1784,Shade Variation,Dye Range,
INC-1785,Yarn Dust,Sourcing,
INC-1786,1mtr weight issue,Stretchline-SL,
INC-1787,Yarn Dust,Sourcing,
INC-1788,Off Shade,Dye Range,
INC-1789,1mtr weight issue,Stretchline-SL,
INC-1790,1mtr weight issue,Stretchline-SL,
INC-1791,Lines,Sourcing,
INC-1792,Face Variation,Weaving,
INC-1793,High Letter Length,Dye Range,
INC-1794,Lines,Weaving,
INC-1795,Sample Waste,Dye Range,
INC-1796,Off Shade,Color Develoment,
INC-1797,Print damage,Value Addition,
INC-1798,5m waste,Less than 5m,
INC-1799,Yarn Missing,Sourcing,
INC-1800,Shade Variation,TBC,
INC-1801,Shade Variation,TBC,
INC-1802,Shade Variation,Dye Exhaust,
INC-1803,5m waste,Less than 5m,
INC-1804,Shade Variation,Dye Exhaust,
INC-1805,Off Shade,Dye Exhaust,
INC-1806,Shade Variation,TBC,
INC-1807,Curling,Sourcing,
INC-1808,1mtr weight issue,Stretchline-SL,
INC-1809,5m waste,Less than 5m,
INC-1810,Order Completed,Order Completed,
INC-1811,Dirt Marks,Dye Range,
INC-1812,Patches,Dye Range,
INC-1813,Yarn Missing,Sourcing,
INC-1814,Snagging,Dye Range,
INC-1815,Order Complete,Order Completed,
INC-1816,Order Complete,Order Completed,
INC-1817,5m waste,Less than 5m,
INC-1818,1mtr weight issue,Stretchline-SL,
INC-1819,Extra high joint meter,Dye Exhaust,
INC-1820,Production waste,Dye Exhaust,
INC-1821,Face Damage,Jacquard,
INC-1822,Slack Rubber,Preparation,
INC-1823,1mtr weight issue,Stretchline-SL,
INC-1824,Wrong Order,Sales,
INC-1825,Wrong Order,Sales,
INC-1826,Wrong Order,Sales,
INC-1827,Wrong Order,Sales,
INC-1828,Wrong Order,Sales,
INC-1829,Wrong Order,Sales,
INC-1830,Wrong Order,Sales,
INC-1831,1mtr weight issue,Stretchline-SL,
INC-1832,Shade Variation,Dye Range,
INC-1833,Dirt Marks,Dye Range,
INC-1834,1mtr weight issue,Stretchline-SL,
INC-1835,1mtr weight issue,Stretchline-SL,
INC-1836,1mtr weight issue,Stretchline-SL,
INC-1837,1mtr weight issue,Stretchline-SL,
INC-1838,1mtr weight issue,Stretchline-SL,
INC-1839,5m waste,Less than 5m,
INC-1840,Shade Variation,Dye Range,
INC-1841,Dirt Marks,Preparation,
INC-1842,1mtr weight issue,Stretchline-SL,
INC-1843,Order Completed,Order Completed,
INC-1844,Wrong Quality,Jacquard,
INC-1845,Patches,Dye Range,
INC-1846,Yarn Missing,Sourcing,
INC-1847,Received Less,Dye Range,
INC-1848,Slack Rubber,Preparation,
INC-1849,Slack Rubber,Preparation,
INC-1850,Slack Rubber,Preparation,
INC-1851,Order Completed,Order Completed,
INC-1852,Face Damage,Jacquard,
INC-1853,Edge Damage,Jacquard,
INC-1854,Curling,Sourcing,
INC-1855,Belling,Jacquard,
INC-1856,Curling,Sourcing,
INC-1857,Curling,Sourcing,
INC-1858,Patches,Dye Range,
INC-1859,5m waste,Less than 5m,
INC-1860,Patches,Dye Range,
INC-1861,Shade Variation,TBC,
INC-1862,Shade Variation,TBC,
INC-1863,Order Completed,Order Completed,
INC-1864,1mtr weight issue,Stretchline-SL,
INC-1865,Color Rejection,Dye Exhaust,
INC-1866,1mtr weight issue,Stretchline-SL,
INC-1867,Wrong Quality,Color Lab,
INC-1868,Off Shade,Dye Range,
INC-1869,Print damage,Value Addition,
INC-1870,Sound Issue,TBC,
INC-1871,Machine Breakdown Waste,Maintenance,
INC-1872,Patches,Dye Exhaust,
INC-1873,Lines,Weaving,
INC-1874,Order cancelled,Order Cancelled,
INC-1875,Face Damage,Weaving,
INC-1876,Dirt Marks,Jacquard,
INC-1877,Riverside Side Variation,TBC,
INC-1878,Low Repeat Length,Development,
INC-1879,Lines,Sourcing,
INC-1880,Patches,Dye Exhaust,
INC-1881,1mtr weight issue,Stretchline-SL,
INC-1882,Received Less,TBC,
INC-1883,1mtr weight issue,Stretchline-SL,
INC-1884,Received Less,TBC,
INC-1885,5m waste,Less than 5m,
INC-1886,Received Less,TBC,
INC-1887,Received Less,Planning,
INC-1888,1mtr weight issue,Stretchline-SL,
INC-1889,1mtr weight issue,Stretchline-SL,
INC-1890,Received Less,Dye Range,
INC-1891,M/C Trangle,Dye Range,
INC-1892,Received Less,Greige Stores,
INC-1893,1mtr weight issue,Stretchline-MLV,
INC-1894,Dirt Marks,Jacquard,
INC-1895,Patches,Dye Range,
INC-1896,5m waste,Less than 5m,
INC-1897,Edge Damage,Jacquard,
INC-1898,Order Completed,Order Completed,
INC-1899,Curling,Dye Range,
INC-1900,1mtr weight issue,Stretchline-SL,
INC-1901,5m waste,Less than 5m,
INC-1902,Stop Mark,Weaving,
INC-1903,Sample Waste,Dye Range,
INC-1904,5m waste,Less than 5m,
INC-1905,Yarn Missing,Stretchline-MLV,
INC-1906,Stop Mark,Stretchline-MLV,
INC-1907,Shade Variation,TBC,
INC-1908,Loop,Weaving,
INC-1909,Shade Variation,TBC,
INC-1910,Shade variation,TBC,
INC-1911,Yarn Missing,Stretchline-MLV,
INC-1912,1mtr weight issue,Stretchline-SL,
INC-1913,Reverse Side Variation,Dye Range,
INC-1914,Shade Variation,Dye Range,
INC-1915,1mtr weight issue,Stretchline-SL,
INC-1916,Received Less,Greige Stores,
INC-1917,Shade Variation,TBC,
INC-1918,Slack Rubber,Preparation,
INC-1919,5m waste,Less than 5m,
INC-1920,Loop,Weaving,
INC-1921,Lines,Sourcing,
INC-1922,5m waste,Less than 5m,
INC-1923,5m waste,Less than 5m,
INC-1924,Patches,Dye Range,
INC-1925,Received Less,Greige Stores,
INC-1926,Lines,Weaving,
INC-1927,Lines,Weaving,
INC-1928,Off Shade,Dye Exhaust,
INC-1929,5m waste,Less than 5m,
INC-1930,Order Completed,Order Completed,
INC-1931,Order Completed,Order Completed,
INC-1932,Order Completed,Order Completed,
INC-1933,1mtr weight issue,Stretchline-SL,
INC-1934,1mtr weight issue,Stretchline-SL,
INC-1935,1mtr weight issue,Stretchline-SL,
INC-1936,1mtr weight issue,Stretchline-SL,
INC-1937,Bias,Weaving,
INC-1938,1mtr weight issue,Stretchline-SL,
INC-1939,Order Completed,Order Completed,
INC-1940,Shade Variation,Dye Exhaust,
INC-1941,1mtr weight issue,Stretchline-SL,
INC-1942,Shade Variation,Dye Exhaust,
INC-1943,M/C Trangle,Dye Range,
INC-1944,Edge Damage,Weaving,
INC-1945,1mtr weight issue,Stretchline-SL,
INC-1946,1mtr weight issue,Stretchline-SL,
INC-1947,Lines,Sourcing,
INC-1948,Lines,Sourcing,
INC-1949,Lines,Sourcing,
INC-1950,Lines,Development,
INC-1951,Lines,Sourcing,
INC-1952,Lines,Sourcing,
INC-1953,Print damage,Value Addition,
INC-1954,Lines,Development,
INC-1955,Bias,Sourcing,
INC-1956,Reverse Side Line,Development,
INC-1957,Curling,Sourcing,
INC-1958,Order Completed,Order Completed,
INC-1959,LOOP,Jacquard,
INC-1960,1mtr weight issue,Stretchline-SL,
INC-1961,5m waste,Less than 5m,
INC-1962,Sound Issue,TBC,
INC-1963,Dirt Marks,Jacquard,
INC-1964,5m waste,Less than 5m,
INC-1965,5m waste,Less than 5m,
INC-1966,1mtr weight issue,Stretchline-SL,
INC-1967,Loop,Development,
INC-1968,Lines,Development,
INC-1969,Lines,Weaving,
INC-1970,1mtr weight issue,Stretchline-SL,
INC-1971,1mtr weight issue,Stretchline-SL,
INC-1972,1mtr weight issue,Stretchline-SL,
INC-1973,Order Completed,Order Completed,
INC-1974,5m waste,Less than 5m,
INC-1975,Print damage,Value Addition,
INC-1976,1mtr weight issue,Stretchline-SL,
INC-1977,1mtr weight issue,Stretchline-SL,
INC-1978,M/C Trangle,Dye Range,
INC-1979,5m waste,Less than 5m,
INC-1980,1mtr weight issue,Stretchline-SL,
INC-1981,Edge Damage,Weaving,
INC-1982,1mtr weight issue,Stretchline-SL,
INC-1983,Order Completed,Order Completed,
INC-1984,Lines,Yarn Dyeing,
INC-1985,Order Completed,Order Completed,
INC-1986,5m waste,Less than 5m,
INC-1987,Print damage,Value Addition,
INC-1988,Yarn Dust,Jacquard,
INC-1989,Rough Edge,Weaving,
INC-1990,1mtr weight issue,Stretchline-SL,
INC-1991,5m waste,Less than 5m,
INC-1992,Curling,Sourcing,
INC-1993,Lines,Sourcing,
INC-1994,Production waste,Greige Stores,
INC-1995,5m waste,Less than 5m,
INC-1996,1mtr weight issue,Stretchline-SL,
INC-1997,1mtr weight issue,Stretchline-SL,
INC-1998,1mtr weight issue,Stretchline-SL,
INC-1999,System Issue,Order Completed,
INC-2000,Patches,Dye Exhaust,
INC-2001,Yarn Missing,Sourcing,
INC-2002,Patches,Dye Range,
INC-2003,Snagging,Dye Range,
INC-2004,5m waste,Less than 5m,
INC-2005,1mtr weight issue,Stretchline-SL,
INC-2006,Shade Variation,Dye Range,
INC-2007,Production waste,Dye Range,
INC-2008,5m waste,Less than 5m,
INC-2009,Patches,Dye Range,
INC-2010,Patches,Dye Exhaust,
INC-2011,Wet,Dye Exhaust,
INC-2012,Rough Edge,Weaving,
INC-2013,Stop Mark,Stretchline-MLV,
INC-2014,1mtr weight issue,Stretchline-SL,
INC-2015,Received Less,Greige Stores,
INC-2016,5m waste,Less than 5m,
INC-2017,1mtr weight issue,Stretchline-SL,
INC-2018,Off Shade,Dye Range,
INC-2019,Patches,Dye Exhaust,
INC-2020,5m waste,Less than 5m,
INC-2021,Shade variation,Dye Range,
INC-2022,M/C Trangle,Dye Range,
INC-2023,Shortage of materials,Dye Range,
INC-2024,Shortage of materials,Dye Range,
INC-2025,Shade Variation,Dye Range,
INC-2026,Curling,Sourcing,
INC-2027,Shortage of materials,Dye Range,
INC-2028,Sound Issue,Development,
INC-2029,Edge Damage,Weaving,
INC-2030,Lines,Weaving,
INC-2031,Lines,Yarn Dyeing,
INC-2032,Belling,Development,
INC-2033,Belling,Development,
INC-2034,Lines,Sourcing,
INC-2035,Loop,Development,
INC-2036,Lines,Sourcing,
INC-2037,Loop,Development,
INC-2038,Lines,Sourcing,
INC-2039,Belling,Development,
INC-2040,Lines,Sourcing,
INC-2041,Lines,Yarn Dyeing,
INC-2042,Loop,Development,
INC-2043,Lines,Sourcing,
INC-2044,Lines,Sourcing,
INC-2045,Belling,Development,
INC-2046,Received Less,Dye Range,
INC-2047,Belling,Development,
INC-2048,Belling,Development,
INC-2049,Lines,Sourcing,
INC-2050,Loop,Development,
INC-2051,System Issue,Digital,
INC-2052,Lines,Sourcing,
INC-2053,Belling,Development,
INC-2054,Belling,Development,
INC-2055,Curling,Sourcing,
INC-2056,Edge Damage,Development,
INC-2057,Curling,Sourcing,
INC-2058,Bias,Sourcing,
INC-2059,1mtr weight issue,Stretchline-SL,
INC-2060,Off Shade,Dye Range,
INC-2061,Off Shade,Dye Range,
INC-2062,Off Shade,Dye Range,
INC-2063,Shade Variation,TBC,
INC-2064,Yarn Dust,Sourcing,
INC-2065,Yarn Dust,Sourcing,
INC-2066,Shade Variation,TBC,
INC-2067,Yarn Dust,Sourcing,
INC-2068,Production waste,Greige Stores,
INC-2069,1mtr weight issue,Stretchline-SL,
INC-2070,Belling,Sourcing,
INC-2071,Shade Variation,Dye Range,
INC-2072,Sound Issue,TBC,
INC-2073,Received Less,Dye Range,
INC-2074,Lines,Yarn Dyeing,
INC-2075,Lines,TBC,
INC-2076,Patches,Dye Range,
INC-2077,Curling,Jacquard,
INC-2078,Stop Mark,Stretchline-MLV,
INC-2079,Yarn Missing,Sourcing,
INC-2080,Sample Waste,Dye Range,
INC-2081,Loop,Weaving,
INC-2082,Shade Variation,TBC,
INC-2083,Rubber Filaments,Stretchline-MLV,
INC-2084,Stop Mark,Weaving,
INC-2085,Shade Variation,Dye Range,
INC-2086,Rubber Filaments,Stretchline-MLV,
INC-2087,Lines,Sourcing,
INC-2088,Lines,Sourcing,
INC-2089,Lycra Grinning,Stretchline-MLV,
INC-2090,Curling,Sourcing,
INC-2091,Face Damage,Weaving,
INC-2092,Received Less,Greige Stores,
INC-2093,Curling,Sourcing,
INC-2094,M/C Trangle,Dye Range,
INC-2095,Off Shade,TBC,
INC-2096,Lines,TBC,
INC-2097,Edge Damage,TBC,
INC-2098,Belling,Development,
INC-2099,Belling,Development,
INC-2100,Belling,Development,
INC-2101,Belling,Development,
INC-2102,Belling,Development,
INC-2103,Lines,TBC,
INC-2104,Lines,TBC,
INC-2105,Belling,Development,
INC-2106,Patches,Dye Range,
INC-2107,Received Less,Dye Range,
INC-2108,5m waste,Less than 5m,
INC-2109,1mtr weight issue,Stretchline-SL,
INC-2110,Dirt Marks,Dye Range,
INC-2111,M/C Trangle,Dye Range,
INC-2112,Sample Waste,Dye Range,
INC-2113,Shade variation,Dye Range,
INC-2114,Shade Variation,Dye Range,
INC-2115,Wrong Quality,Greige Stores,
INC-2116,5m waste,Less than 5m,
INC-2117,M/C Trangle,Dye Range,
INC-2118,Shade Variation,Dye Exhaust,
INC-2119,Yarn Defects,Sourcing,
INC-2120,Patches,Dye Exhaust,
INC-2121,Dirt Marks,Jacquard,
INC-2122,Patches,Dye Exhaust,
INC-2123,Wrong Quality,Dye Exhaust,
INC-2124,Shade Variation,TBC,
INC-2125,Quality Issue,TBC,
INC-2126,Received Less,Development,
INC-2127,Loop,TBC,
INC-2128,Edge Damage,TBC,
INC-2129,Lines,TBC,
INC-2130,Received Less,Dye Range,
INC-2131,Lines,Weaving,
INC-2132,Received Less,Greige Stores,
INC-2133,Off Shade,Color Lab,
INC-2134,Lines,TBC,
INC-2135,Lines,TBC,
INC-2136,Shade Variation,TBC,
INC-2137,Belling,Development,
INC-2138,Lines,TBC,
INC-2139,Belling,Development,
INC-2140,Loop,TBC,
INC-2141,Loop,TBC,
INC-2142,Loop,TBC,
INC-2143,Patches,Dye Exhaust,
INC-2144,Production waste,Dye Range,
INC-2145,Patches,Dye Exhaust,
INC-2146,5m waste,Less than 5m,
INC-2147,Print damage,Value Addition,
INC-2148,Face Damage,Weaving,
INC-2149,Patches,Color Lab,
INC-2150,Off Shade,Dye Range,
INC-2151,Yarn Missing,Sourcing,
INC-2152,Yarn Missing,Sourcing,
INC-2153,Face Damage,Weaving,
INC-2154,Print damage,Value Addition,
INC-2155,Received Less,Greige Stores,
INC-2156,Bias,Weaving,
INC-2157,Shade variation,TBC,
INC-2158,Edge Damage,Stretchline-MLV,
INC-2159,Shade Variation,Dye Range,
INC-2160,Received Less,Development,
INC-2161,Rough Edge,Weaving,
INC-2162,Rough Edge,Weaving,
INC-2163,Off Shade,Color Lab,
INC-2164,Off Shade,Color Lab,
INC-2165,Off Shade,Color Lab,
INC-2166,Print damage,Value Addition,
INC-2167,Loop,Development,
INC-2168,Loop,Development,
INC-2169,Riverside Side Variation,Dye Range,
INC-2170,Off Shade,Dye Exhaust,
INC-2171,Off Shade,Dye Exhaust,
INC-2172,1mtr weight issue,Stretchline-SL,
INC-2173,Dirt Marks,Jacquard,
INC-2174,Yarn Missing,Sourcing,
INC-2175,Curling,Sourcing,
INC-2176,Loop,Development,
INC-2177,Curling,Sourcing,
INC-2178,Patches,Dye Range,
INC-2179,5m waste,Less than 5m,
INC-2180,Curling,Sourcing,
INC-2181,1mtr weight issue,Stretchline-SL,
INC-2182,1mtr weight issue,Stretchline-SL,
INC-2183,Lines,Weaving,
INC-2184,Received Less,Dye Range,
INC-2185,1mtr weight issue,Stretchline-SL,
INC-2186,Curling,Dye Exhaust,
INC-2187,Curling,Sourcing,
INC-2188,Curling,Dye Exhaust,
INC-2189,Patches,Dye Exhaust,
INC-2190,Belling,Dye Exhaust,
INC-2191,Yarn Missing,Sourcing,
INC-2192,Curling,Sourcing,
INC-2193,Patches,Dye Exhaust,
INC-2194,Off Shade,Dye Range,
INC-2195,Off Shade,Dye Range,
INC-2196,Snagging,Dye Range,
INC-2197,Received Less,Dye Range,
INC-2198,Belling,Development,
INC-2199,Belling,Development,
INC-2200,Lines,Sourcing,
INC-2201,Patches,Dye Range,
INC-2202,Loop,Sourcing,
INC-2203,Patches,Dye Range,
INC-2204,Yarn Dust,Yarn Dyeing,
INC-2205,Face Damage,Weaving,
INC-2206,Yarn Missing,Sourcing,
INC-2207,Loop,Weaving,
INC-2208,Dirt Marks,Greige Stores,
INC-2209,Received Less,Sourcing,
INC-2210,1mtr weight issue,Stretchline-SL,
INC-2211,Sample Waste,Dye Range,
INC-2212,Order Completed,Order Completed,
INC-2213,Received Less,Greige Stores,
INC-2214,Received Less,Jacquard,
INC-2215,1mtr weight issue,Stretchline-SL,
INC-2216,Belling,Development,
INC-2217,Curling,Sourcing,
INC-2218,Yarn Missing,Sourcing,
INC-2219,Curling,Sourcing,
INC-2220,Sound Issue,Development,
INC-2221,Loop,Weaving,
INC-2222,Shade Variation,Dye Range,
INC-2223,Lines,Sourcing,
INC-2224,Bias,Dye Exhaust,
INC-2225,Bias,Dye Exhaust,
INC-2226,Received Less,Stretchline-MLV,
INC-2227,Patches,Dye Exhaust,
INC-2228,Lines,Sourcing,
INC-2229,Wrong Quality,Greige Stores,
INC-2230,Lines,Sourcing,
INC-2231,Patches,Dye Range,
INC-2232,Patches,Dye Exhaust,
INC-2233,Lines,Jacquard,
INC-2234,Dirt Marks,Jacquard,
INC-2235,Shade Variation due to lot,Dye Range,
INC-2236,Shade Variation due to lot,Dye Range,
INC-2237,Yarn Missing,Sourcing,
INC-2238,Curling,Dye Range,
INC-2239,Yarn Dust,Sourcing,
INC-2240,Patches,Dye Range,
INC-2241,Curling,Sourcing,
INC-2242,Lines,Sourcing,
INC-2243,Cross Bar,Jacquard,
INC-2244,Shade variation,Dye Exhaust,
INC-2245,Sample Waste,Dye Range,
INC-2246,1mtr weight issue,Stretchline-SL,
INC-2247,Received Less,Dye Range,
INC-2248,5m waste,Less than 5m,
INC-2249,Patches,Dye Exhaust,
INC-2250,Shade Variation,Dye Range,
INC-2251,Sample Waste,Dye Range,
INC-2252,Sample Waste,Dye Range,
INC-2253,Rough Edge,Weaving,
INC-2254,Loop,Sourcing,
INC-2255,Lines,Sourcing,
INC-2256,Curling,Weaving,
INC-2257,Shade Variation Due to Lot,Weaving,
INC-2258,1mtr weight issue,Stretchline-SL,
INC-2259,Order Completed,Order Completed,
INC-2260,Belling,Dye Exhaust,
INC-2261,Patches,Dye Exhaust,
INC-2262,Shade Variation Due to Lot,Dye Range,
INC-2263,Belling,Dye Exhaust,
INC-2264,Loop,Development,
INC-2265,Loop,Sourcing,
INC-2266,Lines,Sourcing,
INC-2267,Loop,Sourcing,
INC-2268,Edge Damage,Weaving,
INC-2269,Loop,Sourcing,
INC-2270,Loop,Sourcing,
INC-2271,Loop,Sourcing,
INC-2272,Lines,Sourcing,
INC-2273,Lines,Sourcing,
INC-2274,5m waste,Less than 5m,
INC-2275,Off Shade,Dye Range,
INC-2276,Off Shade,Dye Range,
INC-2277,Shade Variation,Dye Range,
INC-2278,Lines,Sourcing,
INC-2279,Received Less,Dye Range,
INC-2280,Belling,Weaving,
INC-2281,High Letter Length,Jacquard,
INC-2282,Received Less,Development,
INC-2283,Shortage of materials,Dye Range,
INC-2284,1mtr weight issue,Stretchline-SL,
INC-2285,Off Shade,Dye Exhaust,
INC-2286,Off Shade,Dye Exhaust,
INC-2287,5m waste,Less than 5m,
INC-2288,1mtr weight issue,Stretchline-SL,
INC-2289,1mtr weight issue,Stretchline-SL,
INC-2290,Loop,Weaving,
INC-2291,Edge Damage,Weaving,
INC-2292,Belling,Weaving,
INC-2293,Edge Damage,Weaving,
INC-2294,Shade Variation due to Lot,Dye Exhaust,
INC-2295,Shade Variation,Dye Exhaust,
INC-2296,Dirt Marks due to Old Greige,Dye Range,
INC-2297,Shade Variation,Dye Range,
INC-2298,Crush/Crease Marks,Dye Exhaust,
INC-2299,Face Variation,Weaving,
INC-2300,Curling,Dye Exhaust,
INC-2301,Shade Variation,Dye Range,
INC-2302,Loop,Sourcing,
INC-2303,Belling,Weaving,
INC-2304,Loop,Weaving,
INC-2305,Edge Damage,Weaving,
INC-2306,Dirt Marks,Dye Range,
INC-2307,1mtr weight issue,Stretchline-SL,
INC-2308,Edge Damage,Weaving,
INC-2309,Edge Belling,Weaving,
INC-2310,Shade Variation due to Lot,Dye Exhaust,
INC-2311,Edge Damage,Weaving,
INC-2312,Belling,Weaving,
INC-2313,Belling,Weaving,
INC-2314,Lines,Sourcing,
INC-2315,Belling,Weaving,
INC-2316,Edge Damage,Weaving,
INC-2317,Curling,Weaving,
INC-2318,Minibulk,Development,
INC-2319,Quality Issue,Jacquard,
INC-2320,5m waste,Less than 5m,
INC-2321,Received Less,Maintenance,
INC-2322,1mtr weight issue,Stretchline-SL,
INC-2323,1mtr weight issue,Stretchline-SL,
INC-2324,5m waste,Less than 5m,
INC-2325,Edge Damage,Weaving,
INC-2326,Edge Damage,Weaving,
INC-2327,Belling,Weaving,
INC-2328,Bias,Weaving,
INC-2329,Uneven Edges,Weaving,
INC-2330,Belling,Weaving,
INC-2331,Bias,Weaving,
INC-2332,Paper Waste,Dye Range,
INC-2333,Shade Variation,Dye Range,
INC-2334,Stop Mark,Dye Range,
INC-2335,M/C Trangle,Dye Range,
INC-2336,Received Less,Dye Range,
INC-2337,Off Shade,Dye Exhaust,
INC-2338,Shade Variation due to Lot,Dye Range,
INC-2339,Shade variation,Dye Range,
INC-2340,Shade Variation due to Lot,Dye Range,
INC-2341,Shade Variation,Dye Range,
INC-2342,Shade Variation,Dye Range,
INC-2343,Edge Damage,Weaving,
INC-2344,Shade Variation,Dye Range,
INC-2345,Shade Variation due to Lot,Dye Range,
INC-2346,Order Complete,Order Complete,
INC-2347,Bias,Weaving,
INC-2348,5m waste,Less than 5m,
INC-2349,Face Damage,Weaving,
INC-2350,Belling,Weaving,
INC-2351,Belling,Weaving,
INC-2352,Edge Damage,Weaving,
INC-2353,Sample Waste,Dye Range,
INC-2354,Off Shade,Dye Range,
INC-2355,Dirt Marks,Preparation,
INC-2356,Belling,Dye Exhaust,
INC-2357,Bias,Dye Exhaust,
INC-2358,Bias,Dye Exhaust,
INC-2359,Patches,Dye Exhaust,
INC-2360,Shade Variation due to Lot,Dye Exhaust,
INC-2361,Loop,Dye Exhaust,
INC-2362,Patches,Dye Exhaust,
INC-2363,Patches,Dye Exhaust,
INC-2364,Edge Damage,Weaving,
INC-2365,Edge Damage,Weaving,
INC-2366,5m waste,Less than 5m,
INC-2367,Belling,Weaving,
INC-2368,Sound Issue,Dye Range,
INC-2369,Belling,Weaving,
INC-2370,Bias,Weaving,
INC-2371,Edge Damage,Development,
INC-2372,Bias,Weaving,
INC-2373,Bias,Weaving,
INC-2374,Bias,Weaving,
INC-2375,Bias,Weaving,
INC-2376,Bias,Weaving,
INC-2377,Face Damage,Weaving,
INC-2378,Bias,Weaving,
INC-2379,Face Damage,Weaving,
INC-2380,Face Damage,Weaving,
INC-2381,Warp Slippage,Weaving,
INC-2382,Belling,Weaving,
INC-2383,Belling,Weaving,
INC-2384,Lines,Yarn Dyeing,
INC-2385,Bias,Weaving,
INC-2386,Bias,Weaving,
INC-2387,Bias,Weaving,
INC-2388,Off Shade,Dye Exhaust,
INC-2389,Snagging,Dye Range,
INC-2390,Belling,Weaving,
INC-2391,Received Less,Greige Stores,
INC-2392,Belling,Dye Exhaust,
INC-2393,Belling,Weaving,
INC-2394,Belling,Weaving,
INC-2395,Bias,Weaving,
INC-2396,Bias,Weaving,
INC-2397,Bias,Weaving,
INC-2398,Belling,Weaving,
INC-2399,Edge Damage,Weaving,
INC-2400,Dirt Marks,Weaving,
INC-2401,Bias,Weaving,
INC-2402,Warp Fiber Loop,Sourcing,
INC-2403,Belling,Weaving,
INC-2404,Received Less,Jacquard,
INC-2405,Belling,Weaving,
INC-2406,Bias,Weaving,
INC-2407,Bias,Weaving,
INC-2408,Lines,Yarn Dyeing,
INC-2409,Patches,Dye Exhaust,
INC-2410,Shade Variation due to Lot,Dye Exhaust,
INC-2411,Bias,Weaving,
INC-2412,Belling,Weaving,
INC-2413,Belling,Weaving,
INC-2414,Bias,Weaving,
INC-2415,Edge Damage,Jacquard,
INC-2416,System Issue,Digital,
INC-2417,Bias,Weaving,
INC-2418,Curling,Weaving,
INC-2419,Received Less,Dye Range,
INC-2420,1mtr weight issue,Stretchline-SL,
INC-2421,Lines,Sourcing,
INC-2422,Shade variation,Dye Range,
INC-2423,Patches,Sourcing,
INC-2424,Face Variation,Weaving,
INC-2425,Curling,Weaving,
INC-2426,Edge Damage,Jacquard,
INC-2427,Received Less,Dye Range,
INC-2428,Patches,Dye Range,
INC-2429,Patches,Dye Range,
INC-2430,Patches,Weaving,
INC-2431,5m waste,Less than 5m,
INC-2432,Patches,Dye Exhaust,
INC-2433,Shade Variation,Dye Range,
INC-2434,Patches,Dye Exhaust,
INC-2435,Lines,Weaving,
INC-2436,Dirt Marks,Preparation,
INC-2437,Yarn Missing,Sourcing,
INC-2438,Dirt Marks,Preparation,
INC-2439,Yarn Missing,Sourcing,
INC-2440,Received Less,Dye Range,
INC-2441,Snagging,Dye Exhaust,
INC-2442,Bias,Weaving,
INC-2443,Bias,Dye Exhaust,
INC-2444,Edge Damage,Weaving,
INC-2445,Belling,Weaving,
INC-2446,Snagging,Dye Exhaust,
INC-2447,Edge Damage,Weaving,
INC-2448,Bias,Weaving,
INC-2449,Patches,Dye Range,
INC-2450,Belling,Weaving,
INC-2451,Belling,Weaving,
INC-2452,Shade variation,Dye Range,
INC-2453,Edge Damage,Weaving,
INC-2454,Patches,Dye Range,
INC-2455,Shade variation,Dye Range,
INC-2456,Received Less,Dye Range,
INC-2457,Shade Variation,Sourcing,
INC-2458,Bias,Jacquard,
INC-2459,Loop,Development,
INC-2460,Belling,Yarn Dyeing,
INC-2461,Shade Variation,Sourcing,
INC-2462,Face Damage,Weaving,
INC-2463,Dirt Marks,Weaving,
INC-2464,Lines,Sourcing,
INC-2465,Loop,Jacquard,
INC-2466,Dirt Marks,Jacquard,
INC-2467,Pin Holl,Jacquard,
INC-2468,Edge Damage,Weaving,
INC-2469,Belling,Weaving,
INC-2470,Patches,Dye Range,
INC-2471,Crush/Crease Marks,Dye Exhaust,
INC-2472,Curling,Dye Exhaust,
INC-2473,Loop,Sourcing,
INC-2474,Loop,Sourcing,
INC-2475,Loop,Sourcing,
INC-2476,Loop,Sourcing,
INC-2477,Off Shade,Weaving,
INC-2478,Edge Damage,Jacquard,
INC-2479,Dirt Marks,Jacquard,
INC-2480,Belling,Weaving,
INC-2481,Bias,Weaving,
INC-2482,Belling,Yarn Dyeing,
INC-2483,Yarn Dust,Sourcing,
INC-2484,Yarn Missing,Sourcing,
INC-2485,5m waste,Less than 5m,
INC-2486,Operational Waste,Dye Range,
INC-2487,Print Damage,Value Addition,
INC-2488,Entangle,Greige Stores,
INC-2489,5m waste,Less than 5m,
INC-2490,Patches,Dye Range,
INC-2491,Shade variation,Dye Range,
INC-2492,Belling,Weaving,
INC-2493,Received Less,Weaving,
INC-2494,Loop,Jacquard,
INC-2495,Dirt Marks,Jacquard,
INC-2496,Dirt Marks,Dye Range,
INC-2497,Dirt Marks,Dye Range,
INC-2498,Stop Mark,Weaving,
INC-2499,Belling,Yarn Dyeing,
INC-2500,Dirt Marks,Preparation,
INC-2501,5m waste,Less than 5m,
INC-2502,Curling,Sourcing,
INC-2503,Patches,Dye Exhaust,
INC-2504,Face Damage,Weaving,
INC-2505,Bias,Weaving,
INC-2506,Shade Variation,Dye Range,
INC-2507,Curling,Dye Exhaust,
INC-2508,Patches,Dye Exhaust,
INC-2509,Bias,Weaving,
INC-2510,Lines,Sourcing,
INC-2511,Belling,Weaving,
INC-2512,Off Shade,Dye Exhaust,
INC-2513,Patches,Dye Exhaust,
INC-2514,Patches,Dye Exhaust,
INC-2515,Loop,Sourcing,
INC-2516,Loop,Weaving,
INC-2517,High Letter Length,Dye Range,
INC-2518,Belling,Weaving,
INC-2519,Dirt Marks,Preparation,
INC-2520,Patches,Dye Exhaust,
INC-2521,Belling,Weaving,
INC-2522,Belling,Weaving,
INC-2523,Edge Damage,Weaving,
INC-2524,5m waste,Less than 5m,
INC-2525,Sample Waste,Dye Range,
INC-2526,Lines,Weaving,
INC-2527,Face Loop,Sourcing,
INC-2528,Loop,Weaving,
INC-2529,Poor Water,Dye Range,
INC-2530,Curling,Sourcing,
INC-2531,Crush/Crease Marks,Dye Exhaust,
INC-2532,Lines,Sourcing,
INC-2533,Lines,Sourcing,
INC-2534,Lines,Sourcing,
INC-2535,Lines,Sourcing,
INC-2536,Loop,Jacquard,
INC-2537,Lines,Sourcing,
INC-2538,Yarn Dust,Sourcing,
INC-2539,Curling,Sourcing,
INC-2540,Off Shade,Dye Range,
INC-2541,Off Shade,Dye Exhaust,
INC-2542,1mtr weight issue,Stretchline-SL,
INC-2543,Slack Rubber,Jacquard,
INC-2544,Wrong Width,Weaving,
INC-2545,5m waste,Less than 5m,
INC-2546,5m waste,Less than 5m,
INC-2547,5m waste,Less than 5m,
INC-2548,Lines,Weaving,
INC-2549,Curling,Sourcing,
INC-2550,Shade Variation due to Lot,Dye Range,
INC-2551,Bias,Weaving,
INC-2552,Shade Variation,Dye Range,
INC-2553,Shade Variation,Dye Range,
INC-2554,Yarn Missing,Sourcing,
INC-2555,System Issue,Digital,
INC-2556,Sample Waste,Dye Range,
INC-2557,Sample Waste,Dye Range,
INC-2558,Off Shade,Dye Range,
INC-2559,Off Shade,Dye Range,
INC-2560,Loop,Weaving,
INC-2561,Shade Variation,Dye Exhaust,
INC-2562,Yarn Dust,Sourcing,
INC-2563,Dirt Marks,Preparation,
INC-2564,Curling,Dye Exhaust,
INC-2565,Belling,Weaving,
INC-2566,Riverside Side Variation,Weaving,
INC-2567,Off Shade,Dye Exhaust,
INC-2568,Loop,Weaving,
INC-2569,Loop,Weaving,
INC-2570,Off Shade,Dye Exhaust,
INC-2571,Edge Damage,Weaving,
INC-2572,Snagging,Dye Range,
INC-2573,Face Damage,Jacquard,
INC-2574,Lines,Sourcing,
INC-2575,1mtr weight issue,Stretchline-Mexico,
INC-2576,1mtr weight issue,Stretchline-Mexico,
INC-2577,Edge Damage,Weaving,
INC-2578,Dirt Marks,Preparation,
INC-2579,1mtr weight issue,Stretchline-SL,
INC-2580,Bias,Dye Exhaust,
INC-2581,Reverse Side Variation,Jacquard,
INC-2582,Lines,Sourcing,
INC-2583,Shade Variation,Dye Exhaust,
INC-2584,Reverse Side Line,Sourcing,
INC-2585,Shade Variation,Dye Exhaust,
INC-2586,Curling,Sourcing,
INC-2587,Patches,Dye Exhaust,
INC-2588,Reverse Side Loop,Sourcing,
INC-2589,Warp Fiber Loop,Sourcing,
INC-2590,User Error,Dye Range,
INC-2591,Off Shade,Dye Range,
INC-2592,Belling,Yarn Dyeing,
INC-2593,Lines,Sourcing,
INC-2594,Lines,Sourcing,
INC-2595,1mtr weight issue,Stretchline-SL,
INC-2596,Dirt Marks,Dye Range,
INC-2597,Order cancel,Sales,
INC-2598,5m waste,Less than 5m,
INC-2599,Riverside Line,Sourcing,
INC-2600,High Letter Length,Dye Range,
INC-2601,Lines,Development,
INC-2602,1mtr weight issue,Stretchline-SL,
INC-2603,Bond Damage,Value Addition,
INC-2604,Shade Variation,Development,
INC-2605,High Joint,Dye Exhaust,
INC-2606,Face Variation,Weaving,
INC-2607,Shade Variation,Dye Exhaust,
INC-2608,Patches,Dye Exhaust,
INC-2609,Curling,Dye Exhaust,
INC-2610,Edge Damage,Weaving,
INC-2611,Edge Damage,Weaving,
INC-2612,Bias,Weaving,
INC-2613,Shade Variation,Jacquard,
INC-2614,Shade Variation,Dye Range,
INC-2615,Shade Variation,Dye Range,
INC-2616,Lines,Yarn Dyeing,
INC-2617,Shade Variation,Dye Range,
INC-2618,Shade Variation,Dye Range,
INC-2619,Received Less,Dye Range,
INC-2620,Patches,Dye Exhaust,
INC-2621,Patches,Dye Exhaust,
INC-2622,Wrong Quality,Sourcing,
INC-2623,Belling,Weaving,
INC-2624,Lines,Sourcing,
INC-2625,Lines,Sourcing,
INC-2626,Stop Mark,Weaving,
INC-2627,FaceLoop,Sourcing,
INC-2628,Cross Bar,Jacquard,
INC-2629,Patches,Dye Range,
INC-2630,Loop,Weaving,
INC-2631,Patches,Dye Range,
INC-2632,Shade Variation Without Joint,Dye Range,
INC-2633,Planning  Issue,Dye Range,
INC-2634,FaceLoop,Sourcing,
INC-2635,Patches,Dye Exhaust,
INC-2636,Lines,Sourcing,
INC-2637,Shade Variation,Dye Range,
INC-2638,FaceLoop,Sourcing,
INC-2639,5m waste,Less than 5m,
INC-2640,Patches,Dye Exhaust,
INC-2641,Shade Variation Without Joint,Dye Range,
INC-2642,Shade Variation Without Joint,Dye Range,
INC-2643,Stop Mark,Weaving,
INC-2644,Shade Variation Without Joint,Dye Range,
INC-2645,Belling,Weaving,
INC-2646,Belling,Weaving,
INC-2647,Patches,Dye Range,
INC-2648,Loop,Jacquard,
INC-2649,Received Less,Dye Range,
INC-2650,Received Less,Dye Exhaust,
INC-2651,Shade Variation Without Joint,Dye Range,
INC-2652,5m waste,Less than 5m,
INC-2653,Sample Waste,Dye Range,
INC-2654,Shade Variation Without Joint,Dye Range,
INC-2655,Face Damage,Weaving,
INC-2656,Shade variation,Dye Range,
INC-2657,Belling,Yarn Dyeing,
INC-2658,Belling,Yarn Dyeing,
INC-2659,Belling,Yarn Dyeing,
INC-2660,Patches,Dye Range,
INC-2661,Edge Damage,Weaving,
INC-2662,Received Less,Dye Range,
INC-2663,Belling,Yarn Dyeing,
INC-2664,Reverse Side Loop,Sourcing,
INC-2665,Warp Fiber Loop,Sourcing,
INC-2666,Reverse Side Loop,Sourcing,
INC-2667,Reverse Side Loop,Sourcing,
INC-2668,Belling,Yarn Dyeing,
INC-2669,Fastness Fail,Yarn Dyeing,
INC-2670,FaceLoop,Sourcing,
INC-2671,Belling,Yarn Dyeing,
INC-2672,Reverse Side Loop,Sourcing,
INC-2673,Dirt Marks,Dye Range,
INC-2674,5m waste,Less than 5m,
INC-2675,Received Less,Dye Range,
